Puzzle,Size_KiB,K_Hashes,NoSet_LoopCount,Set_LoopCount,Set_Limit,Set_Size,Set_Ratio,Final_Inserted
2,1,1,201,68,28,1,0.25,1
2,1,8,201,179,28,1,0.25,1
2,1,16,201,65,28,1,0.25,1
2,2,16,201,10,56,1,0.25,1
13,1,2,201,9,28,2,0.25,2
21,1,1,201,10,28,2,0.25,2
21,1,2,201,12,28,2,0.25,2
21,1,4,201,12,28,2,0.25,2
21,1,8,201,12,28,2,0.25,2
21,1,16,201,12,28,2,0.25,2
21,2,1,201,8,56,2,0.25,2
21,2,2,201,9,56,2,0.25,2
24,1,1,201,78,28,3,0.25,3
24,1,2,201,52,28,3,0.25,3
24,1,4,201,100,28,3,0.25,3
24,1,8,201,50,28,3,0.25,3
24,2,1,201,10,56,3,0.25,3
24,2,4,201,10,56,3,0.25,3
24,2,8,201,10,56,3,0.25,3
24,2,16,201,11,56,3,0.25,3
24,4,4,201,8,113,3,0.25,3
31,1,4,201,10,28,1,0.25,1
31,1,8,201,10,28,1,0.25,1
31,1,16,201,10,28,1,0.25,1
42,1,2,201,8,28,2,0.25,2
49,1,2,201,10,28,1,0.25,1
49,1,4,201,10,28,1,0.25,1
49,1,8,201,10,28,1,0.25,1
52,1,1,201,13,28,1,0.25,1
52,1,2,201,12,28,1,0.25,1
52,1,4,201,11,28,1,0.25,1
52,1,8,201,13,28,1,0.25,1
52,1,16,201,13,28,1,0.25,1
63,1,1,201,12,28,2,0.25,2
63,1,2,201,12,28,2,0.25,2
63,1,4,201,12,28,2,0.25,2
63,1,8,201,15,28,2,0.25,2
63,1,16,201,11,28,2,0.25,2
63,2,2,201,9,56,2,0.25,2
77,1,4,201,9,28,3,0.25,3
84,2,1,201,18,56,1,0.25,1
84,2,2,201,17,56,1,0.25,1
84,2,4,201,20,56,1,0.25,1
84,2,8,201,20,56,1,0.25,1
84,2,16,201,29,56,1,0.25,1
84,4,1,201,9,113,1,0.25,1
84,4,2,201,9,113,1,0.25,1
84,4,4,201,9,113,1,0.25,1
86,1,2,201,21,28,3,0.25,3
86,1,4,201,21,28,3,0.25,3
86,1,8,201,18,28,3,0.25,12
86,1,16,201,35,28,3,0.25,3
86,2,1,201,9,56,3,0.25,3
86,2,4,201,10,56,3,0.25,12
86,2,8,201,9,56,3,0.25,3
86,4,4,201,8,113,3,0.25,12
86,4,8,201,8,113,3,0.25,12
91,1,1,201,94,28,1,0.25,1
91,1,2,201,103,28,1,0.25,1
91,1,4,201,47,28,1,0.25,1
91,1,8,201,100,28,1,0.25,1
91,1,16,201,34,28,1,0.25,1
91,2,2,201,11,56,1,0.25,1
91,2,4,201,10,56,1,0.25,1
91,2,8,201,11,56,1,0.25,1
91,2,16,201,10,56,1,0.25,1
91,4,1,201,8,113,1,0.25,1
91,4,4,201,8,113,1,0.25,1
92,1,1,201,14,28,1,0.25,1
92,1,2,201,13,28,1,0.25,1
92,1,4,201,18,28,1,0.25,1
92,1,8,201,12,28,1,0.25,1
92,1,16,201,12,28,1,0.25,1
92,2,1,201,9,56,1,0.25,1
92,2,8,201,9,56,1,0.25,1
96,1,1,201,17,28,1,0.25,1
96,1,2,201,15,28,1,0.25,1
96,1,8,201,22,28,1,0.25,1
96,1,16,201,21,28,1,0.25,1
104,1,1,201,29,28,2,0.25,2
104,1,2,201,19,28,2,0.25,2
104,1,4,201,25,28,2,0.25,2
104,1,8,201,15,28,2,0.25,2
104,1,16,201,16,28,2,0.25,2
104,2,16,201,9,56,2,0.25,2
113,1,2,201,12,28,1,0.25,1
113,1,8,201,11,28,1,0.25,1
113,1,16,201,11,28,1,0.25,1
116,1,1,201,13,28,1,0.25,1
116,1,2,201,21,28,1,0.25,1
116,1,8,201,13,28,1,0.25,1
116,1,16,201,13,28,1,0.25,1
119,1,1,201,11,28,2,0.25,2
119,1,2,201,11,28,2,0.25,2
119,1,4,201,13,28,2,0.25,2
119,1,8,201,13,28,2,0.25,2
119,1,16,201,13,28,2,0.25,2
122,1,1,201,18,28,2,0.25,2
122,1,2,201,16,28,2,0.25,2
122,1,4,201,20,28,2,0.25,2
122,1,8,201,16,28,2,0.25,2
122,1,16,201,21,28,2,0.25,2
122,2,1,201,10,56,2,0.25,2
122,2,2,201,9,56,2,0.25,2
122,2,16,201,10,56,2,0.25,2
122,4,8,201,8,113,2,0.25,2
130,1,1,201,12,28,5,0.25,7
130,1,2,201,10,28,5,0.25,7
130,1,4,201,11,28,5,0.25,5
130,1,8,201,12,28,5,0.25,7
130,1,16,201,10,28,5,0.25,7
130,2,1,201,9,56,5,0.25,5
130,2,2,201,9,56,5,0.25,5
130,2,8,201,9,56,5,0.25,5
130,2,16,201,9,56,5,0.25,5
145,1,1,201,13,28,1,0.25,1
145,1,2,201,11,28,1,0.25,1
145,1,4,201,13,28,1,0.25,1
145,1,8,201,13,28,1,0.25,1
145,1,16,201,12,28,1,0.25,1
145,2,2,201,9,56,1,0.25,1
155,1,1,201,38,28,1,0.25,1
155,1,2,201,24,28,1,0.25,1
155,1,4,201,22,28,1,0.25,1
155,1,8,201,40,28,1,0.25,1
155,1,16,201,36,28,1,0.25,1
155,2,2,201,10,56,1,0.25,1
155,2,4,201,12,56,1,0.25,1
174,1,1,201,20,28,2,0.25,5
174,1,2,201,22,28,2,0.25,5
174,1,4,201,18,28,2,0.25,5
174,1,8,201,16,28,2,0.25,5
174,1,16,201,16,28,2,0.25,5
174,2,1,201,10,56,2,0.25,5
174,2,8,201,10,56,2,0.25,5
175,1,1,201,38,28,1,0.25,1
175,1,2,201,24,28,1,0.25,1
175,1,4,201,40,28,1,0.25,1
175,1,8,201,46,28,1,0.25,1
175,1,16,201,29,28,1,0.25,1
180,1,4,201,23,28,28,0.25,2587
180,4,1,201,22,113,3,0.25,3
180,4,2,201,24,113,3,0.25,3
180,4,4,201,52,113,3,0.25,3
180,4,8,201,50,113,3,0.25,3
180,4,16,201,50,113,3,0.25,3
180,8,2,201,10,227,3,0.25,3
180,8,4,201,10,227,3,0.25,3
180,16,4,201,8,455,3,0.25,3
181,1,1,201,11,28,1,0.25,1
181,1,8,201,13,28,1,0.25,1
181,1,16,201,11,28,1,0.25,1
184,1,1,201,16,28,3,0.25,3
184,1,2,201,20,28,3,0.25,3
184,1,4,201,12,28,3,0.25,3
184,1,8,201,18,28,3,0.25,3
184,1,16,201,26,28,3,0.25,3
191,2,1,201,19,56,1,0.25,1
191,2,2,201,20,56,1,0.25,1
191,2,4,201,24,56,1,0.25,1
191,2,8,201,20,56,1,0.25,1
191,2,16,201,23,56,1,0.25,1
211,1,1,201,12,28,2,0.25,2
212,2,1,201,24,56,2,0.25,2
212,2,2,201,62,56,2,0.25,2
212,2,4,201,25,56,2,0.25,2
212,2,8,201,26,56,2,0.25,2
212,2,16,201,44,56,2,0.25,2
215,1,1,201,14,28,2,0.25,2
215,1,2,201,14,28,2,0.25,2
215,1,4,201,13,28,2,0.25,2
215,1,16,201,16,28,2,0.25,2
215,2,1,201,9,56,2,0.25,2
223,1,1,201,9,28,1,0.25,1
227,1,1,201,14,28,2,0.25,2
227,1,2,201,16,28,2,0.25,2
227,1,4,201,14,28,2,0.25,2
227,1,8,201,14,28,2,0.25,2
227,1,16,201,14,28,2,0.25,2
227,2,8,201,10,56,2,0.25,2
228,1,1,201,12,28,1,0.25,1
228,1,2,201,12,28,1,0.25,1
228,1,4,201,12,28,1,0.25,1
228,1,8,201,14,28,1,0.25,1
228,1,16,201,15,28,1,0.25,1
236,1,2,201,17,28,1,0.25,1
236,1,4,201,20,28,1,0.25,2
236,1,8,201,15,28,1,0.25,1
236,1,16,201,15,28,1,0.25,1
236,2,16,201,11,56,1,0.25,1
249,1,2,201,10,28,1,0.25,1
253,1,1,201,20,28,1,0.25,1
253,1,2,201,27,28,1,0.25,2
253,1,4,201,26,28,1,0.25,1
253,1,8,201,23,28,1,0.25,2
253,1,16,201,33,28,1,0.25,2
259,2,1,201,12,56,4,0.25,4
259,2,2,201,14,56,4,0.25,4
259,2,4,201,12,56,4,0.25,4
259,2,8,201,15,56,4,0.25,4
259,2,16,201,12,56,4,0.25,4
259,4,1,201,10,113,4,0.25,4
259,4,4,201,9,113,4,0.25,4
259,4,8,201,9,113,4,0.25,4
264,1,1,201,10,28,3,0.25,3
264,1,4,201,10,28,3,0.25,3
264,1,8,201,10,28,3,0.25,3
264,1,16,201,10,28,3,0.25,3
266,1,1,201,8,28,3,0.25,5
266,1,2,201,9,28,3,0.25,3
266,1,4,201,9,28,3,0.25,3
266,1,16,201,9,28,3,0.25,3
266,2,4,201,8,56,3,0.25,5
266,2,16,201,8,56,3,0.25,5
273,1,4,201,8,28,1,0.25,1
282,1,4,201,11,28,1,0.25,1
287,1,2,201,9,28,6,0.25,6
287,1,4,201,9,28,6,0.25,6
301,1,1,201,13,28,1,0.25,1
301,1,2,201,13,28,1,0.25,1
301,1,4,201,13,28,1,0.25,1
301,1,8,201,14,28,1,0.25,1
301,1,16,201,11,28,1,0.25,1
317,1,1,201,16,28,2,0.25,2
317,1,2,201,24,28,2,0.25,2
317,1,4,201,19,28,2,0.25,3
317,1,8,201,20,28,2,0.25,2
317,1,16,201,19,28,2,0.25,3
317,2,2,201,9,56,2,0.25,3
317,2,4,201,9,56,2,0.25,3
317,2,16,201,9,56,2,0.25,3
321,1,1,201,9,28,2,0.25,2
321,1,2,201,9,28,2,0.25,2
321,1,4,201,9,28,2,0.25,2
321,1,8,201,10,28,2,0.25,2
321,1,16,201,9,28,2,0.25,2
322,2,1,201,11,56,2,0.25,2
322,2,4,201,11,56,2,0.25,2
322,2,8,201,11,56,2,0.25,2
322,2,16,201,11,56,2,0.25,2
328,1,2,201,10,28,1,0.25,1
328,1,4,201,11,28,1,0.25,1
328,1,8,201,10,28,1,0.25,1
328,1,16,201,9,28,1,0.25,1
331,1,1,201,11,28,8,0.25,12
331,1,4,201,9,28,8,0.25,12
331,1,8,201,9,28,8,0.25,12
335,1,1,201,20,28,1,0.25,1
335,1,2,201,16,28,1,0.25,1
335,1,4,201,17,28,1,0.25,1
335,1,8,201,18,28,1,0.25,1
335,1,16,201,26,28,1,0.25,1
337,2,1,201,12,56,2,0.25,2
337,2,2,201,11,56,2,0.25,2
337,2,4,201,13,56,2,0.25,2
337,2,16,201,13,56,2,0.25,2
337,4,4,201,11,113,2,0.25,2
337,4,8,201,9,113,2,0.25,2
341,2,1,201,10,56,3,0.25,4
341,2,2,201,10,56,3,0.25,4
341,2,4,201,10,56,3,0.25,4
341,2,8,201,11,56,3,0.25,4
341,2,16,201,13,56,3,0.25,4
341,4,1,201,8,113,3,0.25,4
341,4,8,201,8,113,3,0.25,4
341,4,16,201,8,113,3,0.25,4
347,1,2,201,8,28,1,0.25,1
348,1,16,201,12,28,3,0.25,3
348,2,4,201,8,56,3,0.25,3
350,1,2,201,9,28,1,0.25,1
350,1,4,201,9,28,1,0.25,1
383,1,2,201,10,28,4,0.25,6
383,1,4,201,10,28,4,0.25,6
383,1,8,201,11,28,4,0.25,4
383,1,16,201,10,28,4,0.25,6
395,1,1,201,11,28,3,0.25,3
395,1,2,201,15,28,3,0.25,3
395,1,4,201,10,28,3,0.25,3
395,1,16,201,13,28,3,0.25,3
395,2,4,201,9,56,3,0.25,3
395,2,16,201,9,56,3,0.25,3
398,1,1,201,12,28,1,0.25,1
398,1,2,201,10,28,1,0.25,1
398,1,4,201,10,28,1,0.25,1
398,1,16,201,10,28,1,0.25,1
399,1,16,201,8,28,2,0.25,2
401,1,2,201,8,28,1,0.25,1
401,1,16,201,9,28,1,0.25,1
409,1,4,201,9,28,2,0.25,2
414,1,1,201,10,28,2,0.25,2
414,1,4,201,10,28,2,0.25,2
414,1,8,201,10,28,2,0.25,2
418,1,16,201,8,28,2,0.25,2
421,1,8,201,11,28,3,0.25,3
421,1,16,201,10,28,3,0.25,3
427,1,4,201,10,28,1,0.25,1
427,1,8,201,10,28,1,0.25,1
430,2,1,201,26,56,1,0.25,1
430,2,2,201,28,56,1,0.25,1
430,2,4,201,24,56,1,0.25,1
430,2,8,201,28,56,1,0.25,1
430,2,16,201,28,56,1,0.25,1
440,1,1,201,11,28,4,0.25,5
440,1,2,201,12,28,4,0.25,4
440,1,4,201,14,28,4,0.25,4
440,1,8,201,12,28,4,0.25,4
440,1,16,201,12,28,4,0.25,4
440,2,1,201,9,56,4,0.25,5
440,2,4,201,9,56,4,0.25,5
440,2,8,201,9,56,4,0.25,5
440,2,16,201,9,56,4,0.25,5
440,4,8,201,8,113,4,0.25,4
441,1,1,201,19,28,4,0.25,4
441,1,2,201,16,28,4,0.25,5
441,1,4,201,22,28,4,0.25,5
441,1,8,201,24,28,4,0.25,5
441,1,16,201,18,28,4,0.25,5
441,2,2,201,9,56,4,0.25,4
441,2,4,201,10,56,4,0.25,5
441,2,8,201,10,56,4,0.25,5
441,4,1,201,8,113,4,0.25,5
441,4,4,201,8,113,4,0.25,5
443,1,1,201,13,28,1,0.25,1
443,1,2,201,12,28,1,0.25,1
443,1,4,201,12,28,1,0.25,1
443,1,16,201,16,28,1,0.25,1
443,2,16,201,9,56,1,0.25,1
444,1,1,201,17,28,1,0.25,1
444,1,2,201,20,28,1,0.25,1
444,1,4,201,42,28,1,0.25,1
444,1,8,201,28,28,1,0.25,1
444,1,16,201,36,28,1,0.25,1
444,2,4,201,11,56,1,0.25,1
444,2,8,201,10,56,1,0.25,1
450,2,1,201,14,56,4,0.25,4
450,2,2,201,13,56,4,0.25,4
450,2,4,201,13,56,4,0.25,4
450,2,8,201,15,56,4,0.25,4
450,2,16,201,15,56,4,0.25,4
450,4,16,201,9,113,4,0.25,4
450,8,16,201,8,227,4,0.25,4
454,2,1,201,14,56,3,0.25,3
454,2,2,201,13,56,3,0.25,3
454,2,4,201,12,56,3,0.25,3
454,2,8,201,14,56,3,0.25,3
454,2,16,201,13,56,3,0.25,3
454,4,1,201,9,113,3,0.25,3
454,4,2,201,9,113,3,0.25,3
454,4,4,201,9,113,3,0.25,3
454,4,16,201,9,113,3,0.25,3
460,1,1,201,10,28,3,0.25,4
460,1,4,201,10,28,3,0.25,4
480,1,2,201,9,28,1,0.25,1
480,1,8,201,10,28,1,0.25,1
488,1,1,201,10,28,3,0.25,3
488,1,2,201,11,28,3,0.25,3
488,1,4,201,10,28,3,0.25,3
488,1,16,201,11,28,3,0.25,3
489,1,4,201,9,28,2,0.25,2
494,1,2,201,8,28,3,0.25,3
502,1,8,201,9,28,1,0.25,1
507,1,8,201,9,28,2,0.25,4
514,4,4,201,11,113,1,0.25,1
515,1,1,201,24,28,4,0.25,4
515,1,2,201,21,28,4,0.25,5
515,1,4,201,23,28,4,0.25,5
515,1,8,201,38,28,4,0.25,4
515,1,16,201,46,28,4,0.25,4
515,2,1,201,12,56,4,0.25,4
515,2,4,201,10,56,4,0.25,4
515,2,16,201,11,56,4,0.25,5
515,4,1,201,8,113,4,0.25,4
515,4,2,201,8,113,4,0.25,4
515,4,4,201,8,113,4,0.25,4
515,4,16,201,8,113,4,0.25,4
521,4,1,201,10,113,2,0.25,2
521,4,16,201,11,113,2,0.25,2
531,1,16,201,10,28,2,0.25,2
532,1,16,201,10,28,3,0.25,3
533,1,1,201,27,28,1,0.25,1
533,1,2,201,21,28,1,0.25,1
533,1,4,201,26,28,1,0.25,1
533,1,8,201,20,28,1,0.25,1
533,1,16,201,23,28,1,0.25,1
547,1,1,201,14,28,1,0.25,1
547,1,2,201,12,28,1,0.25,1
547,1,4,201,15,28,1,0.25,1
547,1,16,201,12,28,1,0.25,1
560,1,1,201,10,28,1,0.25,1
570,1,1,201,11,28,4,0.25,4
570,1,2,201,11,28,4,0.25,4
570,1,4,201,11,28,4,0.25,4
570,1,8,201,12,28,4,0.25,8
570,1,16,201,13,28,4,0.25,4
570,2,4,201,9,56,4,0.25,4
570,2,16,201,9,56,4,0.25,4
580,1,1,201,14,28,2,0.25,2
580,1,2,201,19,28,2,0.25,2
580,1,4,201,15,28,2,0.25,2
580,1,16,201,13,28,2,0.25,2
580,2,2,201,9,56,2,0.25,2
580,2,4,201,9,56,2,0.25,2
580,2,8,201,11,56,2,0.25,2
580,2,16,201,9,56,2,0.25,2
596,1,1,201,9,28,1,0.25,1
599,1,1,201,10,28,2,0.25,2
599,1,4,201,10,28,2,0.25,2
599,1,16,201,11,28,2,0.25,2
599,2,16,201,8,56,2,0.25,2
606,1,8,201,9,28,1,0.25,1
634,1,1,201,20,28,3,0.25,3
634,1,2,201,17,28,3,0.25,3
634,1,4,201,24,28,3,0.25,3
634,1,8,201,18,28,3,0.25,3
634,1,16,201,22,28,3,0.25,3
634,2,2,201,9,56,3,0.25,3
634,2,8,201,10,56,3,0.25,3
634,2,16,201,10,56,3,0.25,3
643,1,1,201,25,28,3,0.25,4
643,1,2,201,29,28,3,0.25,4
643,1,4,201,23,28,3,0.25,4
643,1,8,201,20,28,3,0.25,3
643,1,16,201,27,28,3,0.25,4
643,2,4,201,11,56,3,0.25,4
643,2,8,201,10,56,3,0.25,3
643,2,16,201,11,56,3,0.25,4
651,1,1,201,10,28,3,0.25,3
651,1,2,201,11,28,3,0.25,3
651,1,4,201,10,28,3,0.25,3
651,1,8,201,12,28,3,0.25,3
651,1,16,201,10,28,3,0.25,3
660,2,1,201,12,56,2,0.25,2
660,2,2,201,12,56,2,0.25,2
660,2,4,201,12,56,2,0.25,2
660,2,16,201,12,56,2,0.25,2
660,4,1,201,9,113,2,0.25,2
660,4,8,201,9,113,2,0.25,2
668,1,1,201,37,28,1,0.25,1
668,1,2,201,29,28,1,0.25,1
668,1,4,201,23,28,1,0.25,1
668,1,16,201,62,28,1,0.25,1
672,1,1,201,14,28,1,0.25,1
672,1,2,201,12,28,1,0.25,1
672,1,8,201,11,28,1,0.25,2
672,1,16,201,12,28,1,0.25,1
675,2,4,201,11,56,1,0.25,1
675,2,8,201,11,56,1,0.25,1
675,2,16,201,13,56,1,0.25,1
687,1,2,201,9,28,1,0.25,1
695,1,1,201,159,28,5,0.25,6
695,1,2,201,153,28,5,0.25,6
695,1,4,201,59,28,5,0.25,6
695,1,8,201,125,28,5,0.25,6
695,2,1,201,10,56,5,0.25,6
695,2,2,201,10,56,5,0.25,6
695,2,4,201,12,56,5,0.25,6
695,2,8,201,11,56,5,0.25,6
695,2,16,201,11,56,5,0.25,6
695,4,1,201,8,113,5,0.25,6
695,4,2,201,8,113,5,0.25,6
695,4,8,201,8,113,5,0.25,6
695,4,16,201,9,113,5,0.25,6
695,8,4,201,8,227,5,0.25,6
698,2,1,201,12,56,2,0.25,3
698,2,2,201,12,56,2,0.25,3
698,2,4,201,12,56,2,0.25,3
698,2,8,201,11,56,2,0.25,2
701,2,2,201,11,56,1,0.25,1
701,2,4,201,14,56,1,0.25,1
701,2,16,201,12,56,1,0.25,1
703,1,4,201,9,28,2,0.25,3
715,1,1,201,10,28,2,0.25,2
715,1,4,201,11,28,2,0.25,2
715,1,16,201,10,28,2,0.25,2
726,1,1,201,92,28,1,0.25,1
726,1,2,201,100,28,1,0.25,1
726,1,8,201,96,28,1,0.25,1
732,1,1,201,21,28,1,0.25,1
732,1,2,201,23,28,1,0.25,1
732,1,4,201,23,28,1,0.25,1
732,1,8,201,17,28,1,0.25,1
732,1,16,201,31,28,1,0.25,1
732,2,1,201,9,56,1,0.25,1
732,2,2,201,12,56,1,0.25,1
732,2,4,201,9,56,1,0.25,1
732,2,8,201,9,56,1,0.25,1
732,2,16,201,11,56,1,0.25,1
733,1,16,201,10,28,1,0.25,1
749,1,1,201,12,28,2,0.25,2
749,1,16,201,10,28,2,0.25,2
749,2,8,201,8,56,2,0.25,2
749,4,1,201,8,113,2,0.25,2
749,4,2,201,8,113,2,0.25,2
754,2,1,201,11,56,2,0.25,2
754,2,2,201,12,56,2,0.25,2
754,2,4,201,11,56,2,0.25,2
754,2,8,201,11,56,2,0.25,2
754,2,16,201,12,56,2,0.25,2
765,1,1,201,12,28,1,0.25,1
765,1,4,201,14,28,1,0.25,1
765,1,16,201,14,28,1,0.25,1
777,1,2,201,11,28,1,0.25,1
777,1,4,201,11,28,1,0.25,1
777,1,8,201,11,28,1,0.25,1
777,1,16,201,11,28,1,0.25,1
785,1,2,201,12,28,2,0.25,2
788,1,1,201,16,28,1,0.25,1
788,1,2,201,14,28,1,0.25,1
788,1,4,201,12,28,1,0.25,1
788,1,8,201,14,28,1,0.25,1
788,1,16,201,16,28,1,0.25,1
803,1,1,201,25,28,1,0.25,1
803,1,2,201,16,28,1,0.25,1
803,1,4,201,22,28,1,0.25,1
803,1,8,201,24,28,1,0.25,1
803,1,16,201,35,28,1,0.25,1
806,1,2,201,10,28,1,0.25,1
806,1,8,201,10,28,1,0.25,1
806,1,16,201,13,28,1,0.25,1
813,1,1,201,12,28,2,0.25,2
813,1,2,201,14,28,2,0.25,2
813,1,4,201,16,28,2,0.25,2
813,1,16,201,14,28,2,0.25,2
820,1,1,201,10,28,2,0.25,2
820,1,2,201,10,28,2,0.25,2
820,1,4,201,12,28,2,0.25,2
820,1,8,201,10,28,2,0.25,2
824,1,1,201,9,28,1,0.25,1
824,1,16,201,9,28,1,0.25,1
827,1,1,201,12,28,1,0.25,2
827,1,2,201,11,28,1,0.25,1
827,1,8,201,14,28,1,0.25,2
827,1,16,201,12,28,1,0.25,2
828,1,1,201,10,28,3,0.25,3
828,1,2,201,10,28,3,0.25,3
828,1,8,201,10,28,3,0.25,3
828,1,16,201,11,28,3,0.25,3
828,2,1,201,8,56,3,0.25,3
828,2,16,201,8,56,3,0.25,3
831,1,1,201,10,28,2,0.25,2
831,1,2,201,10,28,2,0.25,2
831,1,4,201,9,28,2,0.25,2
831,1,8,201,10,28,2,0.25,2
831,2,1,201,8,56,2,0.25,2
835,1,1,201,12,28,1,0.25,1
835,1,2,201,12,28,1,0.25,1
835,1,8,201,12,28,1,0.25,1
835,1,16,201,14,28,1,0.25,1
839,1,1,201,11,28,1,0.25,1
839,1,8,201,11,28,1,0.25,1
839,1,16,201,11,28,1,0.25,1
842,1,1,201,10,28,3,0.25,3
842,1,4,201,10,28,3,0.25,3
843,1,8,201,9,28,3,0.25,3
852,1,8,201,9,28,2,0.25,2
858,2,1,201,11,56,2,0.25,2
858,2,4,201,11,56,2,0.25,2
858,2,8,201,10,56,2,0.25,2
858,4,4,201,9,113,2,0.25,2
862,1,1,201,11,28,1,0.25,1
862,1,2,201,14,28,1,0.25,1
862,1,4,201,13,28,1,0.25,1
862,1,8,201,14,28,1,0.25,1
862,1,16,201,12,28,1,0.25,1
867,1,2,201,10,28,2,0.25,2
871,2,1,201,18,56,1,0.25,1
871,2,2,201,24,56,1,0.25,1
871,2,4,201,30,56,1,0.25,1
871,2,8,201,22,56,1,0.25,1
871,2,16,201,24,56,1,0.25,1
871,4,1,201,10,113,1,0.25,1
871,4,2,201,10,113,1,0.25,1
871,4,8,201,10,113,1,0.25,1
871,8,8,201,8,227,1,0.25,1
891,1,1,201,13,28,4,0.25,5
891,1,2,201,11,28,4,0.25,5
891,1,4,201,12,28,4,0.25,5
891,1,8,201,14,28,4,0.25,5
891,1,16,201,12,28,4,0.25,5
891,2,2,201,10,56,4,0.25,5
891,2,4,201,9,56,4,0.25,5
891,2,8,201,9,56,4,0.25,5
891,2,16,201,9,56,4,0.25,5
934,1,8,201,10,28,1,0.25,1
936,1,16,201,10,28,2,0.25,2
938,1,1,201,9,28,3,0.25,3
938,1,2,201,9,28,3,0.25,3
938,1,8,201,9,28,3,0.25,3
938,1,16,201,10,28,3,0.25,3
938,2,1,201,8,56,3,0.25,3
947,1,1,201,11,28,1,0.25,1
947,1,2,201,12,28,1,0.25,1
947,1,8,201,13,28,1,0.25,1
947,1,16,201,12,28,1,0.25,1
949,1,2,201,13,28,1,0.25,1
949,1,16,201,15,28,1,0.25,1
950,2,1,201,18,56,1,0.25,1
950,2,2,201,18,56,1,0.25,1
950,2,8,201,13,56,1,0.25,1
950,2,16,201,22,56,1,0.25,1
960,1,4,201,8,28,1,0.25,1
962,1,1,201,11,28,3,0.25,3
962,1,2,201,13,28,3,0.25,3
962,1,4,201,15,28,3,0.25,3
962,1,8,201,14,28,3,0.25,3
962,1,16,201,15,28,3,0.25,3
962,2,1,201,9,56,3,0.25,3
962,2,8,201,9,56,3,0.25,3
964,1,4,201,9,28,1,0.25,1
967,1,1,201,11,28,3,0.25,3
967,1,2,201,10,28,3,0.25,3
967,1,4,201,9,28,3,0.25,3
967,1,8,201,10,28,3,0.25,3
967,1,16,201,9,28,3,0.25,3
975,1,1,201,13,28,2,0.25,2
975,1,2,201,10,28,2,0.25,2
975,1,4,201,12,28,2,0.25,2
975,1,8,201,14,28,2,0.25,2
975,1,16,201,11,28,2,0.25,2
979,1,1,201,12,28,2,0.25,2
979,1,2,201,12,28,2,0.25,2
979,1,8,201,12,28,2,0.25,2
979,1,16,201,14,28,2,0.25,2
979,2,4,201,10,56,2,0.25,2
986,1,1,201,14,28,1,0.25,1
986,1,2,201,19,28,1,0.25,1
986,1,4,201,20,28,1,0.25,1
986,1,8,201,19,28,1,0.25,1
986,1,16,201,18,28,1,0.25,1
991,1,1,201,11,28,4,0.25,4
991,1,2,201,10,28,4,0.25,4
991,1,4,201,11,28,4,0.25,4
991,1,8,201,10,28,4,0.25,4
991,1,16,201,12,28,4,0.25,4
991,2,4,201,8,56,4,0.25,4
994,1,1,201,10,28,4,0.25,4
994,1,2,201,10,28,4,0.25,4
994,1,4,201,11,28,4,0.25,4
994,1,8,201,10,28,4,0.25,4
994,1,16,201,11,28,4,0.25,4
994,2,1,201,9,56,4,0.25,4
996,2,1,201,31,56,1,0.25,1
996,2,2,201,32,56,1,0.25,1
996,2,4,201,30,56,1,0.25,1
996,2,8,201,38,56,1,0.25,1
996,2,16,201,34,56,1,0.25,1
996,4,1,201,11,113,1,0.25,1
996,4,2,201,10,113,1,0.25,1
996,4,8,201,10,113,1,0.25,1
996,4,16,201,12,113,1,0.25,1
997,1,2,201,15,28,2,0.25,2
997,1,8,201,14,28,2,0.25,2
997,1,16,201,13,28,2,0.25,2
