instance,solution_length,a_star_time,rev_a_star_time,bae_time,nbs_time,mm_time,ida_time,parallel_ida_time,rev_ida_time,a_star_nodes,rev_a_star_nodes,bae_nodes,nbs_nodes,mm_nodes,ida_nodes,parallel_ida_nodes,rev_ida_nodes,bihs_bloom_time_50pct_optk_dynamic,bihs_bloom_time_10pct_optk_dynamic,bihs_bloom_time_1pct_optk_dynamic,bihs_bloom_time_0_1pct_optk_dynamic,bihs_bloom_nodes_50pct_optk_dynamic,bihs_bloom_nodes_10pct_optk_dynamic,bihs_bloom_nodes_1pct_optk_dynamic,bihs_bloom_nodes_0_1pct_optk_dynamic,idths_trans_time_50pct,idths_trans_time_10pct,idths_trans_time_1pct,idths_trans_time_0_1pct,idths_trans_nodes_50pct,idths_trans_nodes_10pct,idths_trans_nodes_1pct,idths_trans_nodes_0_1pct,idths_trans_necessary_nodes_50pct,idths_trans_necessary_nodes_10pct,idths_trans_necessary_nodes_1pct,idths_trans_necessary_nodes_0_1pct,idths_trans_storage_states_50pct,idths_trans_storage_states_10pct,idths_trans_storage_states_1pct,idths_trans_storage_states_0_1pct
BIHS_PARAM,0,0.001,19,1,7.02129,68609426,1,1,optk,dynamic
BIHS_PARAM,0,0.01,191,1,6.99945,68609426,0.999937,1,optk,dynamic
BIHS_PARAM,0,0.1,1906,1,7.00579,68609426,0.620609,1,optk,dynamic
BIHS_PARAM,0,0.5,9530,4,10.0474,68609426,0.0846897,1,optk,dynamic
BIHS_PARAM,1,0.001,26,1,13.8036,186807386,0.999769,1,optk,dynamic
BIHS_PARAM,1,0.01,257,1,11.1402,154114096,0.571415,1,optk,dynamic
BIHS_PARAM,1,0.1,2569,8,7.44072,106823085,0.00345619,1,optk,dynamic
BIHS_PARAM,1,0.5,12843,41,10.0352,106823085,4.93315e-13,1,optk,dynamic
BIHS_PARAM,2,0.001,265,1,258.644,3803551621,0.999995,1,optk,dynamic
BIHS_PARAM,2,0.01,2647,1,141.575,2621929238,0.703124,1,optk,dynamic
BIHS_PARAM,2,0.1,26467,6,117.334,1804954900,0.0192041,1,optk,dynamic
BIHS_PARAM,2,0.5,132335,29,149.815,1804954900,2.57602e-09,1,optk,dynamic
BIHS_PARAM,3,0.001,20,1,8.75527,173067193,1,1,optk,dynamic
BIHS_PARAM,3,0.01,202,1,7.42892,170406303,0.95319,1,optk,dynamic
BIHS_PARAM,3,0.1,2016,2,10.7613,166454862,0.210289,1,optk,dynamic
BIHS_PARAM,3,0.5,10081,11,10.2898,166454862,0.000397696,1,optk,dynamic
BIHS_PARAM,4,0.001,20,1,12.8007,207353260,1,1,optk,dynamic
BIHS_PARAM,4,0.01,202,1,10.517,173995429,0.767174,1,optk,dynamic
BIHS_PARAM,4,0.1,2022,5,6.42907,125173080,0.0369832,1,optk,dynamic
BIHS_PARAM,4,0.5,10110,24,7.18908,125173080,6.83593e-08,1,optk,dynamic
BIHS_PARAM,5,0.001,10,1,1.90671,40395274,1,1,optk,dynamic
BIHS_PARAM,5,0.01,98,1,2.41726,40034239,0.815348,1,optk,dynamic
BIHS_PARAM,5,0.1,984,4,2.29388,40034239,0.0575572,1,optk,dynamic
BIHS_PARAM,5,0.5,4918,21,2.31649,40034239,6.34035e-07,1,optk,dynamic
BIHS_PARAM,6,0.001,58,1,52.6632,510107523,0.999997,1,optk,dynamic
BIHS_PARAM,6,0.01,580,1,22.2516,365519227,0.722334,1,optk,dynamic
BIHS_PARAM,6,0.1,5803,5,18.1272,313303453,0.023647,1,optk,dynamic
BIHS_PARAM,6,0.5,29015,27,21.2747,313303453,7.13815e-09,1,optk,dynamic
BIHS_PARAM,7,0.001,10,1,4.09144,61121376,1,1,optk,dynamic
BIHS_PARAM,7,0.01,100,1,3.65858,61058303,0.974315,1,optk,dynamic
BIHS_PARAM,7,0.1,998,2,3.42445,61058303,0.270333,1,optk,dynamic
BIHS_PARAM,7,0.5,4989,9,3.70323,61058303,0.00144267,1,optk,dynamic
BIHS_PARAM,8,0.001,3,1,2.31546,35951171,0.999998,1,optk,dynamic
BIHS_PARAM,8,0.01,26,1,0.971048,18393137,0.77495,1,optk,dynamic
BIHS_PARAM,8,0.1,264,5,0.598879,12168076,0.038099,1,optk,dynamic
BIHS_PARAM,8,0.5,1318,24,0.673977,12168076,8.10338e-08,1,optk,dynamic
BIHS_PARAM,9,0.001,69,1,45.3634,755252532,1,1,optk,dynamic
BIHS_PARAM,9,0.01,694,1,43.2846,755252532,0.934604,1,optk,dynamic
BIHS_PARAM,9,0.1,6943,3,43.6775,755252532,0.174315,1,optk,dynamic
BIHS_PARAM,9,0.5,34715,13,45.5686,755252532,0.000149131,1,optk,dynamic
BIHS_PARAM,10,0.001,12,1,5.36183,109429916,1,1,optk,dynamic
BIHS_PARAM,10,0.01,125,1,6.62571,109334945,0.98546,1,optk,dynamic
BIHS_PARAM,10,0.1,1246,2,6.32734,109334945,0.327306,1,optk,dynamic
BIHS_PARAM,10,0.5,6232,8,6.30506,109334945,0.00347934,1,optk,dynamic
BIHS_PARAM,11,0.001,1,1,0.32065,2944391,0.999278,1,optk,dynamic
BIHS_PARAM,11,0.01,3,1,0.160813,2113853,0.910283,1,optk,dynamic
BIHS_PARAM,11,0.1,34,3,0.152404,1839428,0.105003,1,optk,dynamic
BIHS_PARAM,11,0.5,172,16,0.22261,1839428,1.0956e-05,1,optk,dynamic
BIHS_PARAM,12,0.001,2,1,1.27362,10125455,1,1,optk,dynamic
BIHS_PARAM,12,0.01,18,1,0.780263,9896102,0.973535,1,optk,dynamic
BIHS_PARAM,12,0.1,176,2,0.732598,9896102,0.274853,1,optk,dynamic
BIHS_PARAM,12,0.5,881,9,0.734058,9896102,0.00154618,1,optk,dynamic
BIHS_PARAM,13,0.001,112,1,61.1052,1043287367,1,1,optk,dynamic
BIHS_PARAM,13,0.01,1116,1,56.6734,911657479,0.948919,1,optk,dynamic
BIHS_PARAM,13,0.1,11162,2,54.5019,897300400,0.200978,1,optk,dynamic
BIHS_PARAM,13,0.5,55811,12,58.5302,897300400,0.000310884,1,optk,dynamic
BIHS_PARAM,14,0.001,247,1,881.148,7529414515,1,1,optk,dynamic
BIHS_PARAM,14,0.01,2469,1,574.244,6036133391,0.782079,1,optk,dynamic
BIHS_PARAM,14,0.1,24688,5,316.375,4030031572,0.0431007,1,optk,dynamic
BIHS_PARAM,14,0.5,123439,23,349.658,4030031572,1.42374e-07,1,optk,dynamic
BIHS_PARAM,15,0.001,7,1,2.66916,34468781,0.999979,1,optk,dynamic
BIHS_PARAM,15,0.01,67,1,1.86794,41044728,0.675907,1,optk,dynamic
BIHS_PARAM,15,0.1,667,6,1.1598,21785904,0.0143427,1,optk,dynamic
BIHS_PARAM,15,0.5,3335,31,1.32738,21785904,6.05894e-10,1,optk,dynamic
BIHS_PARAM,16,0.001,354,1,470.697,7324288467,1,1,optk,dynamic
BIHS_PARAM,16,0.01,3535,1,314.528,3941658447,0.891032,1,optk,dynamic
BIHS_PARAM,16,0.1,35350,3,295.97,3941658447,0.114601,1,optk,dynamic
BIHS_PARAM,16,0.5,176751,16,321.161,3941658447,1.96898e-05,1,optk,dynamic
BIHS_PARAM,17,0.001,5,1,8.57935,48334421,1,1,optk,dynamic
BIHS_PARAM,17,0.01,53,1,1.77463,34270039,0.97084,1,optk,dynamic
BIHS_PARAM,17,0.1,531,2,2.07096,32626626,0.256258,1,optk,dynamic
BIHS_PARAM,17,0.5,2654,10,1.98488,32626626,0.00110792,1,optk,dynamic
BIHS_PARAM,18,0.001,1,1,0.0455595,791538,1,1,optk,dynamic
BIHS_PARAM,18,0.01,3,1,0.0457465,791538,1,1,optk,dynamic
BIHS_PARAM,18,0.1,35,1,0.0456326,791538,0.874921,1,optk,dynamic
BIHS_PARAM,18,0.5,173,2,0.0458493,791538,0.32351,1,optk,dynamic
BIHS_PARAM,19,0.001,21,1,12.3838,191678507,0.999992,1,optk,dynamic
BIHS_PARAM,19,0.01,209,1,8.26304,155512331,0.693132,1,optk,dynamic
BIHS_PARAM,19,0.1,2089,6,6.72842,113743263,0.0171729,1,optk,dynamic
BIHS_PARAM,19,0.5,10447,29,8.25481,113743263,1.48405e-09,1,optk,dynamic
BIHS_PARAM,20,0.001,51,1,37.7512,596672131,1,1,optk,dynamic
BIHS_PARAM,20,0.01,507,1,34.0508,515509424,0.784991,1,optk,dynamic
BIHS_PARAM,20,0.1,5067,5,28.965,511989699,0.044456,1,optk,dynamic
BIHS_PARAM,20,0.5,25336,23,29.5926,511989699,1.6486e-07,1,optk,dynamic
BIHS_PARAM,21,0.001,127,1,54.8331,846796462,0.999999,1,optk,dynamic
BIHS_PARAM,21,0.01,1266,1,54.0713,846796462,0.740187,1,optk,dynamic
BIHS_PARAM,21,0.1,12664,5,52.1391,846796462,0.0282973,1,optk,dynamic
BIHS_PARAM,21,0.5,63322,26,54.8056,846796462,1.80652e-08,1,optk,dynamic
BIHS_PARAM,22,0.001,9,1,8.35965,79841272,1,1,optk,dynamic
BIHS_PARAM,22,0.01,90,1,6.42519,70751165,0.892083,1,optk,dynamic
BIHS_PARAM,22,0.1,902,3,4.15608,55864654,0.115121,1,optk,dynamic
BIHS_PARAM,22,0.5,4512,16,3.63526,55864654,2.00622e-05,1,optk,dynamic
BIHS_PARAM,23,0.001,46,1,49.5468,540139919,0.999999,1,optk,dynamic
BIHS_PARAM,23,0.01,464,1,30.2924,437752182,0.745796,1,optk,dynamic
BIHS_PARAM,23,0.1,4643,5,21.7623,359533190,0.0298961,1,optk,dynamic
BIHS_PARAM,23,0.5,23216,25,27.4596,359533190,2.38644e-08,1,optk,dynamic
BIHS_PARAM,24,0.001,34,1,13.1846,316564168,1,1,optk,dynamic
BIHS_PARAM,24,0.01,343,1,11.6951,272787086,0.894097,1,optk,dynamic
BIHS_PARAM,24,0.1,3427,3,15.1782,270598141,0.117948,1,optk,dynamic
BIHS_PARAM,24,0.5,17137,15,15.2574,270598141,2.27995e-05,1,optk,dynamic
BIHS_PARAM,25,0.001,118,1,227.723,1923665654,1,1,optk,dynamic
BIHS_PARAM,25,0.01,1177,1,123.111,1364634927,0.866001,1,optk,dynamic
BIHS_PARAM,25,0.1,11767,3,111.798,1000650405,0.0929002,1,optk,dynamic
BIHS_PARAM,25,0.5,58833,17,122.677,1000650405,6.47293e-06,1,optk,dynamic
BIHS_PARAM,26,0.001,65,1,44.9576,738009926,1,1,optk,dynamic
BIHS_PARAM,26,0.01,646,1,43.4047,737453859,0.895356,1,optk,dynamic
BIHS_PARAM,26,0.1,6456,3,54.4923,736219592,0.119207,1,optk,dynamic
BIHS_PARAM,26,0.5,32281,15,57.5658,736219592,2.40645e-05,1,optk,dynamic
BIHS_PARAM,27,0.001,5,1,2.50532,40624727,1,1,optk,dynamic
BIHS_PARAM,27,0.01,51,1,1.86591,35891997,0.953161,1,optk,dynamic
BIHS_PARAM,27,0.1,511,2,2.15056,35507966,0.209029,1,optk,dynamic
BIHS_PARAM,27,0.5,2553,11,2.04264,35507966,0.000387823,1,optk,dynamic
BIHS_PARAM,28,0.001,23,1,13.8124,206061471,1,1,optk,dynamic
BIHS_PARAM,28,0.01,230,1,17.2817,345208242,0.889105,1,optk,dynamic
BIHS_PARAM,28,0.1,2302,3,11.6104,191431838,0.112485,1,optk,dynamic
BIHS_PARAM,28,0.5,11512,16,11.1388,191431838,1.78371e-05,1,optk,dynamic
BIHS_PARAM,29,0.001,1,1,0.387234,5717777,1,1,optk,dynamic
BIHS_PARAM,29,0.01,11,1,0.345985,5707116,0.964743,1,optk,dynamic
BIHS_PARAM,29,0.1,111,2,0.324059,5707116,0.234927,1,optk,dynamic
BIHS_PARAM,29,0.5,557,10,0.333234,5707116,0.00069766,1,optk,dynamic
BIHS_PARAM,30,0.001,1,1,0.235084,2276804,1,1,optk,dynamic
BIHS_PARAM,30,0.01,5,1,0.236311,2276804,0.999289,1,optk,dynamic
BIHS_PARAM,30,0.1,49,1,0.232927,2276804,0.522698,1,optk,dynamic
BIHS_PARAM,30,0.5,244,5,0.236088,2276804,0.0395593,1,optk,dynamic
BIHS_PARAM,31,0.001,166,1,320.346,2919709636,0.999999,1,optk,dynamic
BIHS_PARAM,31,0.01,1665,1,193.308,2154884040,0.739268,1,optk,dynamic
BIHS_PARAM,31,0.1,16648,5,148.146,1474744512,0.0280812,1,optk,dynamic
BIHS_PARAM,31,0.5,83241,26,186.76,1474744512,1.73756e-08,1,optk,dynamic
BIHS_PARAM,32,0.001,159,1,128.349,1807288027,1,1,optk,dynamic
BIHS_PARAM,32,0.01,1592,1,95.0758,1709312539,0.80881,1,optk,dynamic
BIHS_PARAM,32,0.1,15923,4,118.026,1580979011,0.054881,1,optk,dynamic
BIHS_PARAM,32,0.5,79613,21,123.613,1580979011,4.93356e-07,1,optk,dynamic
BIHS_PARAM,33,0.001,21,1,18.2011,246955231,0.999999,1,optk,dynamic
BIHS_PARAM,33,0.01,208,1,10.4061,194219621,0.764102,1,optk,dynamic
BIHS_PARAM,33,0.1,2084,5,8.38532,139206337,0.0357492,1,optk,dynamic
BIHS_PARAM,33,0.5,10421,24,9.93851,139206337,5.78373e-08,1,optk,dynamic
BIHS_PARAM,34,0.001,46,1,47.4715,680900049,0.999998,1,optk,dynamic
BIHS_PARAM,34,0.01,455,1,45.9994,653135387,0.737269,1,optk,dynamic
BIHS_PARAM,34,0.1,4553,5,15.8493,304887273,0.0274501,1,optk,dynamic
BIHS_PARAM,34,0.5,22767,26,19.8929,304887273,1.54444e-08,1,optk,dynamic
BIHS_PARAM,35,0.001,18,1,8.523,146205768,1,1,optk,dynamic
BIHS_PARAM,35,0.01,175,1,9.5047,146005671,0.847992,1,optk,dynamic
BIHS_PARAM,35,0.1,1751,4,8.83856,146005671,0.0783669,1,optk,dynamic
BIHS_PARAM,35,0.5,8756,18,8.85209,146005671,2.8767e-06,1,optk,dynamic
BIHS_PARAM,36,0.001,53,1,37.4072,574325585,1,1,optk,dynamic
BIHS_PARAM,36,0.01,528,1,34.9834,574325585,0.990751,1,optk,dynamic
BIHS_PARAM,36,0.1,5284,1,34.8668,574325585,0.37373,1,optk,dynamic
BIHS_PARAM,36,0.5,26421,7,38.6811,574325585,0.00592478,1,optk,dynamic
BIHS_PARAM,37,0.001,2,1,0.608275,12111699,1,1,optk,dynamic
BIHS_PARAM,37,0.01,16,1,0.747063,12097922,0.999898,1,optk,dynamic
BIHS_PARAM,37,0.1,156,1,0.710164,12097922,0.610468,1,optk,dynamic
BIHS_PARAM,37,0.5,782,4,0.708979,12097922,0.0781495,1,optk,dynamic
BIHS_PARAM,38,0.001,11,1,6.88787,113955171,1,1,optk,dynamic
BIHS_PARAM,38,0.01,112,1,7.12805,113681001,0.78008,1,optk,dynamic
BIHS_PARAM,38,0.1,1116,5,6.57195,113681001,0.0427406,1,optk,dynamic
BIHS_PARAM,38,0.5,5581,23,6.58055,113681001,1.36394e-07,1,optk,dynamic
BIHS_PARAM,39,0.001,44,1,18.1626,448651439,1,1,optk,dynamic
BIHS_PARAM,39,0.01,445,1,27.1147,448548276,0.862281,1,optk,dynamic
BIHS_PARAM,39,0.1,4448,3,25.5087,448548276,0.090189,1,optk,dynamic
BIHS_PARAM,39,0.5,22238,17,25.5984,448548276,5.51631e-06,1,optk,dynamic
BIHS_PARAM,40,0.001,27,1,17.5338,284246658,1,1,optk,dynamic
BIHS_PARAM,40,0.01,274,1,17.5696,284246658,0.935625,1,optk,dynamic
BIHS_PARAM,40,0.1,2743,3,16.5531,284246658,0.176042,1,optk,dynamic
BIHS_PARAM,40,0.5,13713,13,16.5629,284246658,0.000156267,1,optk,dynamic
BIHS_PARAM,41,0.001,1,1,1.08292,10378391,0.999911,1,optk,dynamic
BIHS_PARAM,41,0.01,5,1,0.340565,4242513,0.845049,1,optk,dynamic
BIHS_PARAM,41,0.1,50,4,0.158359,2499387,0.0763597,1,optk,dynamic
BIHS_PARAM,41,0.5,250,19,0.17568,2499387,2.54525e-06,1,optk,dynamic
BIHS_PARAM,42,0.001,71,1,52.6247,775355984,1,1,optk,dynamic
BIHS_PARAM,42,0.01,706,1,43.0886,700734905,0.778997,1,optk,dynamic
BIHS_PARAM,42,0.1,7059,5,41.1527,566688960,0.041796,1,optk,dynamic
BIHS_PARAM,42,0.5,35297,23,46.9285,566688960,1.22872e-07,1,optk,dynamic
BIHS_PARAM,43,0.001,26,1,16.8683,243642710,1,1,optk,dynamic
BIHS_PARAM,43,0.01,256,1,16.2968,243268653,0.786732,1,optk,dynamic
BIHS_PARAM,43,0.1,2565,4,13.6321,242405450,0.0449199,1,optk,dynamic
BIHS_PARAM,43,0.5,12825,22,14.1772,242405450,1.72166e-07,1,optk,dynamic
BIHS_PARAM,44,0.001,3,1,1.73234,22036992,1,1,optk,dynamic
BIHS_PARAM,44,0.01,26,1,1.74403,34389246,0.973895,1,optk,dynamic
BIHS_PARAM,44,0.1,258,2,1.15868,18963624,0.270805,1,optk,dynamic
BIHS_PARAM,44,0.5,1290,9,1.10074,18963624,0.00145267,1,optk,dynamic
BIHS_PARAM,45,0.001,3,1,0.825299,17625569,1,1,optk,dynamic
BIHS_PARAM,45,0.01,34,1,1.08668,17603942,0.993807,1,optk,dynamic
BIHS_PARAM,45,0.1,339,1,1.08942,17603942,0.399467,1,optk,dynamic
BIHS_PARAM,45,0.5,1697,7,1.0301,17603942,0.00895737,1,optk,dynamic
BIHS_PARAM,46,0.001,1,1,0.239442,4208432,1,1,optk,dynamic
BIHS_PARAM,46,0.01,7,1,0.240132,4208432,0.994269,1,optk,dynamic
BIHS_PARAM,46,0.1,66,1,0.238831,4208432,0.42159,1,optk,dynamic
BIHS_PARAM,46,0.5,332,6,0.318858,4208432,0.0121578,1,optk,dynamic
BIHS_PARAM,47,0.001,1,1,1.75813,13651243,1,1,optk,dynamic
BIHS_PARAM,47,0.01,13,1,0.694357,8523656,0.760009,1,optk,dynamic
BIHS_PARAM,47,0.1,126,5,0.379143,6463566,0.0384182,1,optk,dynamic
BIHS_PARAM,47,0.5,628,23,0.484342,6463566,8.66928e-08,1,optk,dynamic
BIHS_PARAM,48,0.001,686,1,1426.66,19401916950,0.999996,1,optk,dynamic
BIHS_PARAM,48,0.01,6860,1,753.847,11401632879,0.712791,1,optk,dynamic
BIHS_PARAM,48,0.1,68605,6,552.432,7292511855,0.0214007,1,optk,dynamic
BIHS_PARAM,48,0.5,343025,28,719.805,7292511855,4.33321e-09,1,optk,dynamic
BIHS_PARAM,49,0.001,10,1,3.42375,54056565,1,1,optk,dynamic
BIHS_PARAM,49,0.01,96,1,3.26839,54027012,0.990628,1,optk,dynamic
BIHS_PARAM,49,0.1,963,1,3.35343,54027012,0.372212,1,optk,dynamic
BIHS_PARAM,49,0.5,4813,7,3.35218,54027012,0.00578732,1,optk,dynamic
BIHS_PARAM,50,0.001,22,1,9.23768,211709404,1,1,optk,dynamic
BIHS_PARAM,50,0.01,223,1,7.91623,186930594,0.856184,1,optk,dynamic
BIHS_PARAM,50,0.1,2226,4,11.0441,184586561,0.0851913,1,optk,dynamic
BIHS_PARAM,50,0.5,11128,18,11.2421,184586561,4.2738e-06,1,optk,dynamic
BIHS_PARAM,51,0.001,61,1,31.4641,715262703,1,1,optk,dynamic
BIHS_PARAM,51,0.01,612,1,46.7053,715159552,0.901578,1,optk,dynamic
BIHS_PARAM,51,0.1,6122,3,44.2307,715159552,0.125816,1,optk,dynamic
BIHS_PARAM,51,0.5,30612,15,45.5522,715159552,3.15055e-05,1,optk,dynamic
BIHS_PARAM,52,0.001,123,1,101.572,1346517794,1,1,optk,dynamic
BIHS_PARAM,52,0.01,1229,1,101.971,1346517794,0.970115,1,optk,dynamic
BIHS_PARAM,52,0.1,12286,2,101.597,1346517794,0.254579,1,optk,dynamic
BIHS_PARAM,52,0.5,61432,10,111.201,1346517794,0.00106909,1,optk,dynamic
BIHS_PARAM,53,0.001,71,1,41.537,723682761,1,1,optk,dynamic
BIHS_PARAM,53,0.01,712,1,41.7889,723682761,0.767272,1,optk,dynamic
BIHS_PARAM,53,0.1,7121,5,43.7472,723682761,0.0371264,1,optk,dynamic
BIHS_PARAM,53,0.5,35603,24,41.3461,723682761,6.97257e-08,1,optk,dynamic
BIHS_PARAM,54,0.001,1,1,0.0374629,589751,1,1,optk,dynamic
BIHS_PARAM,54,0.01,2,1,0.0349141,589751,0.999948,1,optk,dynamic
BIHS_PARAM,54,0.1,22,1,0.0346724,589751,0.591919,1,optk,dynamic
BIHS_PARAM,54,0.5,112,4,0.035082,589751,0.0653008,1,optk,dynamic
BIHS_PARAM,55,0.001,234,1,369.352,3331706544,1,1,optk,dynamic
BIHS_PARAM,55,0.01,2339,1,146.94,2905796256,0.866439,1,optk,dynamic
BIHS_PARAM,55,0.1,23387,3,185.668,2716524132,0.0932053,1,optk,dynamic
BIHS_PARAM,55,0.5,116935,17,195.017,2716524132,6.58633e-06,1,optk,dynamic
BIHS_PARAM,56,0.001,5,1,6.79212,104206431,1,1,optk,dynamic
BIHS_PARAM,56,0.01,49,1,4.04551,77487531,0.799998,1,optk,dynamic
BIHS_PARAM,56,0.1,488,4,1.61356,30823062,0.0513696,1,optk,dynamic
BIHS_PARAM,56,0.5,2439,21,1.71494,30823062,3.52833e-07,1,optk,dynamic
BIHS_PARAM,57,0.001,2,1,0.737587,11253828,1,1,optk,dynamic
BIHS_PARAM,57,0.01,24,1,0.734673,11253828,0.948006,1,optk,dynamic
BIHS_PARAM,57,0.1,243,2,0.734238,11253828,0.195674,1,optk,dynamic
BIHS_PARAM,57,0.5,1214,12,0.733269,11253828,0.00026936,1,optk,dynamic
BIHS_PARAM,58,0.001,212,1,171.049,3114194821,1,1,optk,dynamic
BIHS_PARAM,58,0.01,2115,1,214.235,3112318303,0.91476,1,optk,dynamic
BIHS_PARAM,58,0.1,21155,3,210.586,3112318303,0.142379,1,optk,dynamic
BIHS_PARAM,58,0.5,105774,14,218.441,3112318303,5.78081e-05,1,optk,dynamic
BIHS_PARAM,60,0.001,3,1,2.62714,19438655,1,1,optk,dynamic
BIHS_PARAM,60,0.01,30,1,1.48226,16346631,0.889759,1,optk,dynamic
BIHS_PARAM,60,0.1,298,3,1.58396,16020870,0.114949,1,optk,dynamic
BIHS_PARAM,60,0.5,1490,16,1.618,16020870,2.0004e-05,1,optk,dynamic
BIHS_PARAM,61,0.001,18,1,32.6735,389269247,1,1,optk,dynamic
BIHS_PARAM,61,0.01,184,1,16.2948,268705401,0.798641,1,optk,dynamic
BIHS_PARAM,61,0.1,1845,4,11.8768,201998107,0.0497816,1,optk,dynamic
BIHS_PARAM,61,0.5,9225,22,12.1924,201998107,2.97174e-07,1,optk,dynamic
BIHS_PARAM,62,0.001,63,1,74.8285,738735386,1,1,optk,dynamic
BIHS_PARAM,62,0.01,632,1,74.5447,738735386,0.969494,1,optk,dynamic
BIHS_PARAM,62,0.1,6321,2,74.2042,738735386,0.252353,1,optk,dynamic
BIHS_PARAM,62,0.5,31603,10,78.6071,738735386,0.00102384,1,optk,dynamic
BIHS_PARAM,63,0.001,44,1,27.9862,356272476,0.999999,1,optk,dynamic
BIHS_PARAM,63,0.01,441,1,30.2717,559637445,0.742201,1,optk,dynamic
BIHS_PARAM,63,0.1,4413,5,19.8914,306109813,0.0288366,1,optk,dynamic
BIHS_PARAM,63,0.5,22067,26,22.2633,306109813,1.98785e-08,1,optk,dynamic
BIHS_PARAM,64,0.001,5,1,1.58049,22047155,1,1,optk,dynamic
BIHS_PARAM,64,0.01,45,1,2.21407,22038902,0.940525,1,optk,dynamic
BIHS_PARAM,64,0.1,450,2,2.21427,22038902,0.186038,1,optk,dynamic
BIHS_PARAM,64,0.5,2251,12,2.21259,22038902,0.000200561,1,optk,dynamic
BIHS_PARAM,65,0.001,215,1,304.978,2962784854,1,1,optk,dynamic
BIHS_PARAM,65,0.01,2154,1,304.349,2962784854,0.969049,1,optk,dynamic
BIHS_PARAM,65,0.1,21537,2,304.128,2962784854,0.251009,1,optk,dynamic
BIHS_PARAM,65,0.5,107686,10,328.116,2962784854,0.00099636,1,optk,dynamic
BIHS_PARAM,66,0.001,56,1,39.1918,602990293,1,1,optk,dynamic
BIHS_PARAM,66,0.01,556,1,49.1052,602099023,0.868011,1,optk,dynamic
BIHS_PARAM,66,0.1,5555,3,44.627,602099023,0.0945652,1,optk,dynamic
BIHS_PARAM,66,0.5,27776,17,44.9387,602099023,7.12108e-06,1,optk,dynamic
BIHS_PARAM,67,0.001,21,1,12.7453,212838272,1,1,optk,dynamic
BIHS_PARAM,67,0.01,214,1,16.7335,212420286,0.975911,1,optk,dynamic
BIHS_PARAM,67,0.1,2142,2,15.6225,212420286,0.275655,1,optk,dynamic
BIHS_PARAM,67,0.5,10709,9,15.2099,212420286,0.00157971,1,optk,dynamic
BIHS_PARAM,68,0.001,45,1,85.459,773140292,0.999997,1,optk,dynamic
BIHS_PARAM,68,0.01,451,1,41.6046,436313124,0.721828,1,optk,dynamic
BIHS_PARAM,68,0.1,4511,5,26.3726,263895152,0.0235522,1,optk,dynamic
BIHS_PARAM,68,0.5,22554,27,33.7396,263895152,6.995e-09,1,optk,dynamic
BIHS_PARAM,69,0.001,52,1,55.2369,587745434,1,1,optk,dynamic
BIHS_PARAM,69,0.01,517,1,50.0566,587470361,0.858889,1,optk,dynamic
BIHS_PARAM,69,0.1,5169,4,58.8662,586873666,0.0870425,1,optk,dynamic
BIHS_PARAM,69,0.5,25845,18,59.2999,586873666,4.71777e-06,1,optk,dynamic
BIHS_PARAM,70,0.001,2,1,0.526914,9201506,1,1,optk,dynamic
BIHS_PARAM,70,0.01,19,1,0.737385,9179699,0.977452,1,optk,dynamic
BIHS_PARAM,70,0.1,187,2,0.671024,9179699,0.288649,1,optk,dynamic
BIHS_PARAM,70,0.5,935,9,0.671522,9179699,0.0019599,1,optk,dynamic
BIHS_PARAM,71,0.001,68,1,65.8393,885257119,1,1,optk,dynamic
BIHS_PARAM,71,0.01,683,1,65.6184,885257119,0.992427,1,optk,dynamic
BIHS_PARAM,71,0.1,6832,1,64.0087,885257119,0.386253,1,optk,dynamic
BIHS_PARAM,71,0.5,34162,7,71.6995,885257119,0.00729242,1,optk,dynamic
BIHS_PARAM,72,0.001,1,1,1.16144,15205299,1,1,optk,dynamic
BIHS_PARAM,72,0.01,14,1,0.87619,11907744,0.832427,1,optk,dynamic
BIHS_PARAM,72,0.1,139,4,0.497546,8143159,0.069306,1,optk,dynamic
BIHS_PARAM,72,0.5,694,19,0.531245,8143159,1.62154e-06,1,optk,dynamic
BIHS_PARAM,73,0.001,1,1,0.376865,4836242,1,1,optk,dynamic
BIHS_PARAM,73,0.01,7,1,0.378875,4836242,1,1,optk,dynamic
BIHS_PARAM,73,0.1,73,1,0.37395,4836242,0.904724,1,optk,dynamic
BIHS_PARAM,73,0.5,367,1,0.369922,4836242,0.373517,1,optk,dynamic
BIHS_PARAM,74,0.001,25,1,13.5572,197378422,1,1,optk,dynamic
BIHS_PARAM,74,0.01,254,1,13.0471,197177503,0.782812,1,optk,dynamic
BIHS_PARAM,74,0.1,2542,5,14.6057,196733384,0.0432941,1,optk,dynamic
BIHS_PARAM,74,0.5,12710,23,14.5124,196733384,1.45422e-07,1,optk,dynamic
BIHS_PARAM,75,0.001,52,1,47.912,488682915,1,1,optk,dynamic
BIHS_PARAM,75,0.01,522,1,27.3643,481482141,0.854458,1,optk,dynamic
BIHS_PARAM,75,0.1,5217,4,35.9914,476238860,0.0835386,1,optk,dynamic
BIHS_PARAM,75,0.5,26083,18,36.4345,476238860,3.8929e-06,1,optk,dynamic
BIHS_PARAM,76,0.001,21,1,38.4999,401744996,1,1,optk,dynamic
BIHS_PARAM,76,0.01,215,1,20.2413,298004904,0.787595,1,optk,dynamic
BIHS_PARAM,76,0.1,2148,4,16.9597,228832576,0.0456399,1,optk,dynamic
BIHS_PARAM,76,0.5,10739,22,16.2326,228832576,1.87618e-07,1,optk,dynamic
BIHS_PARAM,77,0.001,3,1,4.03731,21772533,1,1,optk,dynamic
BIHS_PARAM,77,0.01,32,1,1.49513,18872465,0.945529,1,optk,dynamic
BIHS_PARAM,77,0.1,316,2,1.91398,18585476,0.19832,1,optk,dynamic
BIHS_PARAM,77,0.5,1581,12,1.90908,18585476,0.000287014,1,optk,dynamic
BIHS_PARAM,78,0.001,1,1,0.993704,7843121,0.999988,1,optk,dynamic
BIHS_PARAM,78,0.01,7,1,0.643984,8426752,0.80153,1,optk,dynamic
BIHS_PARAM,78,0.1,72,4,0.25353,2897867,0.0474858,1,optk,dynamic
BIHS_PARAM,78,0.5,362,22,0.274897,2897867,2.12509e-07,1,optk,dynamic
BIHS_PARAM,79,0.001,34,1,159.281,1397844883,1,1,optk,dynamic
BIHS_PARAM,79,0.01,343,1,49.7564,482714812,0.789454,1,optk,dynamic
BIHS_PARAM,79,0.1,3428,4,21.536,204727874,0.0463445,1,optk,dynamic
BIHS_PARAM,79,0.5,17139,22,25.2744,204727874,2.03419e-07,1,optk,dynamic
BIHS_PARAM,80,0.001,1,1,0.747755,7195275,1,1,optk,dynamic
BIHS_PARAM,80,0.01,14,1,0.748524,7195275,0.99994,1,optk,dynamic
BIHS_PARAM,80,0.1,141,1,0.742794,7195275,0.618903,1,optk,dynamic
BIHS_PARAM,80,0.5,707,4,0.755491,7195275,0.0830277,1,optk,dynamic
BIHS_PARAM,82,0.001,19,1,4.3425,54997390,1,1,optk,dynamic
BIHS_PARAM,82,0.01,192,1,4.11775,54997390,0.98187,1,optk,dynamic
BIHS_PARAM,82,0.1,1916,2,4.07288,54997390,0.305075,1,optk,dynamic
BIHS_PARAM,82,0.5,9579,9,5.08691,54997390,0.00254427,1,optk,dynamic
BIHS_PARAM,83,0.001,31,1,14.6183,260738306,1,1,optk,dynamic
BIHS_PARAM,83,0.01,309,1,20.6571,260689795,0.990641,1,optk,dynamic
BIHS_PARAM,83,0.1,3092,1,20.5745,260689795,0.373018,1,optk,dynamic
BIHS_PARAM,83,0.5,15460,7,21.2328,260689795,0.00585491,1,optk,dynamic
BIHS_PARAM,84,0.001,2,1,1.33536,15561897,0.999968,1,optk,dynamic
BIHS_PARAM,84,0.01,17,1,0.880807,14813263,0.704282,1,optk,dynamic
BIHS_PARAM,84,0.1,171,6,0.415838,5873927,0.0189887,1,optk,dynamic
BIHS_PARAM,84,0.5,857,29,0.467734,5873927,2.32621e-09,1,optk,dynamic
BIHS_PARAM,85,0.001,2,1,1.25703,19133934,0.999999,1,optk,dynamic
BIHS_PARAM,85,0.01,20,1,0.903881,16806553,0.750971,1,optk,dynamic
BIHS_PARAM,85,0.1,203,5,0.488441,9352593,0.0299652,1,optk,dynamic
BIHS_PARAM,85,0.5,1016,25,0.535832,9352593,2.37486e-08,1,optk,dynamic
BIHS_PARAM,86,0.001,36,1,44.9436,389153918,1,1,optk,dynamic
BIHS_PARAM,86,0.01,355,1,19.3099,322453553,0.85773,1,optk,dynamic
BIHS_PARAM,86,0.1,3552,4,21.0046,291090855,0.0859145,1,optk,dynamic
BIHS_PARAM,86,0.5,17762,18,23.1259,291090855,4.43092e-06,1,optk,dynamic
BIHS_PARAM,88,0.001,35,1,29.2006,337850505,0.999999,1,optk,dynamic
BIHS_PARAM,88,0.01,353,1,19.9626,317388747,0.743387,1,optk,dynamic
BIHS_PARAM,88,0.1,3526,5,21.7018,290292331,0.0293661,1,optk,dynamic
BIHS_PARAM,88,0.5,17632,25,23.7577,290292331,2.17956e-08,1,optk,dynamic
BIHS_PARAM,89,0.001,6,1,3.21504,37478838,1,1,optk,dynamic
BIHS_PARAM,89,0.01,61,1,2.76137,32563837,0.889148,1,optk,dynamic
BIHS_PARAM,89,0.1,608,3,3.20779,31816606,0.113522,1,optk,dynamic
BIHS_PARAM,89,0.5,3040,16,3.30751,31816606,1.8745e-05,1,optk,dynamic
BIHS_PARAM,90,0.001,21,1,19.2117,177565245,1,1,optk,dynamic
BIHS_PARAM,90,0.01,209,1,18.1131,177565245,0.999922,1,optk,dynamic
BIHS_PARAM,90,0.1,2091,1,18.1434,177565245,0.611598,1,optk,dynamic
BIHS_PARAM,90,0.5,10455,4,21.5166,177565245,0.0793391,1,optk,dynamic
BIHS_PARAM,91,0.001,162,1,121.213,2189111131,1,1,optk,dynamic
BIHS_PARAM,91,0.01,1620,1,163.415,2189111131,0.919062,1,optk,dynamic
BIHS_PARAM,91,0.1,16200,3,163.794,2189111131,0.14856,1,optk,dynamic
BIHS_PARAM,91,0.5,81000,14,173.877,2189111131,7.08771e-05,1,optk,dynamic
BIHS_PARAM,92,0.001,1,1,0.768442,6686568,1,1,optk,dynamic
BIHS_PARAM,92,0.01,12,1,0.53027,6621875,0.968991,1,optk,dynamic
BIHS_PARAM,92,0.1,125,2,0.492235,6621875,0.236884,1,optk,dynamic
BIHS_PARAM,92,0.5,623,10,0.497075,6621875,0.000762885,1,optk,dynamic
BIHS_PARAM,93,0.001,1,1,0.894248,10154005,1,1,optk,dynamic
BIHS_PARAM,93,0.01,11,1,0.503673,7527807,0.970923,1,optk,dynamic
BIHS_PARAM,93,0.1,107,2,0.324498,3997329,0.26712,1,optk,dynamic
BIHS_PARAM,93,0.5,537,10,0.325284,3997329,0.00132588,1,optk,dynamic
BIHS_PARAM,94,0.001,7,1,7.25709,78127574,1,1,optk,dynamic
BIHS_PARAM,94,0.01,69,1,5.95897,67800476,0.808046,1,optk,dynamic
BIHS_PARAM,94,0.1,691,4,3.38449,39163641,0.0543148,1,optk,dynamic
BIHS_PARAM,94,0.5,3455,21,3.35147,39163641,4.67506e-07,1,optk,dynamic
BIHS_PARAM,95,0.001,8,1,3.18812,55075204,1,1,optk,dynamic
BIHS_PARAM,95,0.01,82,1,4.34971,55038937,0.861548,1,optk,dynamic
BIHS_PARAM,95,0.1,825,4,4.06639,55038937,0.0878243,1,optk,dynamic
BIHS_PARAM,95,0.5,4123,18,4.09924,55038937,4.95e-06,1,optk,dynamic
BIHS_PARAM,96,0.001,2,1,0.684688,9974990,0.999998,1,optk,dynamic
BIHS_PARAM,96,0.01,17,1,0.559188,8809173,0.790918,1,optk,dynamic
BIHS_PARAM,96,0.1,174,5,0.446257,6194245,0.0436029,1,optk,dynamic
BIHS_PARAM,96,0.5,872,23,0.537755,6194245,1.45046e-07,1,optk,dynamic
BIHS_PARAM,97,0.001,94,1,112.062,1178295612,0.999991,1,optk,dynamic
BIHS_PARAM,97,0.01,943,1,55.6185,795813263,0.685401,1,optk,dynamic
BIHS_PARAM,97,0.1,9432,6,46.8599,568920807,0.0156793,1,optk,dynamic
BIHS_PARAM,97,0.5,47160,30,55.8135,568920807,9.47632e-10,1,optk,dynamic
BIHS_PARAM,98,0.001,52,1,75.2495,880073555,1,1,optk,dynamic
BIHS_PARAM,98,0.01,520,1,92.9059,1007179406,0.783892,1,optk,dynamic
BIHS_PARAM,98,0.1,5196,5,35.2447,502362682,0.0439939,1,optk,dynamic
BIHS_PARAM,98,0.5,25978,23,42.027,502362682,1.57148e-07,1,optk,dynamic
BIHS_PARAM,99,0.001,46,1,57.8422,656843866,0.999989,1,optk,dynamic
BIHS_PARAM,99,0.01,463,1,28.8516,414511592,0.679287,1,optk,dynamic
BIHS_PARAM,99,0.1,4631,6,18.1232,270425936,0.0146191,1,optk,dynamic
BIHS_PARAM,99,0.5,23153,30,23.3093,270425936,6.68951e-10,1,optk,dynamic
0,57,76.0272,14.6286,-3,-3,47.3247,-3,-3,-3,13965257,1874136,0,0,9112630,0,0,0,10.0474,7.00579,6.99945,7.02129,68609426,68609426,68609426,68609426,43.9703,44.6361,44.0837,45.9561,7622946,7798597,8427108,10704655,3802921,3844798,3977816,4330445,1734860,346972,34697,3469
1,55,16.4287,14.7587,-3,-3,9.48218,-3,-3,-3,4469035,3733395,0,0,2526800,0,0,0,10.0352,7.44072,11.1402,13.8036,106823085,106823085,154114096,186807386,5.19629,4.75969,1.93107,2.13214,1764825,1643594,869787,1018328,591876,591876,612611,684183,2338008,467601,46760,4676
2,59,108.226,119.983,-3,-3,114.343,-3,-3,-3,30005923,29650660,0,0,26534791,0,0,0,149.815,117.334,141.575,258.644,1804954900,1804954900,2621929238,3803551621,28.8198,28.7773,25.8684,30.3161,7924133,7924133,5507102,6693046,4569470,4569470,4818659,5894506,24090812,4818162,481816,48181
3,56,16.5484,7.36782,-3,-3,13.3,-3,-3,-3,5253694,1982253,0,0,3804237,0,0,0,10.2898,10.7613,7.42892,8.75527,166454862,166454862,170406303,173067193,3.3224,2.2871,4.62653,4.94083,4202441,2254600,2297448,2745615,1671746,1673833,1726889,1856938,1835161,367032,36703,3670
4,56,7.69548,6.93886,-3,-3,10.4952,-3,-3,-3,2026145,2031500,0,0,2633273,0,0,0,7.18908,6.42907,10.517,12.8007,125173080,125173080,173995429,207353260,12.7582,5.07508,3.36054,3.25482,2779857,1915105,1616306,1764720,994205,994205,1049098,1193274,1840382,368076,36807,3680
5,52,4.00034,3.75067,-3,-3,3.90643,-3,-3,-3,970209,1074100,0,0,1055016,0,0,0,2.31649,2.29388,2.41726,1.90671,40034239,40034239,40034239,40395274,0.793827,0.609599,0.415499,0.400974,863274,678704,463307,484678,386789,386789,397087,425785,895254,179050,17905,1790
6,52,24.9771,30.1274,-3,-3,23.6998,-3,-3,-3,7150651,8511886,0,0,5816055,0,0,0,21.2747,18.1272,22.2516,52.6632,313303453,313303453,365519227,510107523,16.8534,16.8268,11.7294,8.63284,1270937,1270937,956222,1447562,487394,487394,487394,923631,5282091,1056418,105641,10564
7,50,9.60424,3.50994,-3,-3,8.22435,-3,-3,-3,2667826,972737,0,0,2259375,0,0,0,3.70323,3.42445,3.65858,4.09144,61058303,61058303,61058303,61121376,7.61216,6.39528,5.16547,4.73,960841,873088,1000783,1713646,508693,508693,581620,757365,908285,181657,18165,1816
8,46,1.49863,0.847652,-3,-3,1.05821,-3,-3,-3,330770,262425,0,0,340901,0,0,0,0.673977,0.598879,0.971048,2.31546,12168076,12168076,18393137,35951171,0.289801,0.286574,0.299163,0.341906,170855,163448,120907,181152,82331,82331,88723,113967,239917,47983,4798,479
9,59,72.7369,30.9051,-3,-3,56.5735,-3,-3,-3,17805851,6950463,0,0,12399526,0,0,0,45.5686,43.6775,43.2846,45.3634,755252532,755252532,755252532,755252532,28.6664,23.9026,25.2733,26.5209,7945421,5939190,6689127,8702302,3514965,3514965,3804730,4482200,6319648,1263929,126392,12639
10,57,13.5731,4.92279,-3,-3,12.6205,-3,-3,-3,3520146,1238012,0,0,3162192,0,0,0,6.30506,6.32734,6.62571,5.36183,109334945,109334945,109334945,109429916,11.3207,7.4856,6.08708,5.91587,3909198,2775807,2643364,3206881,1670137,1695928,1867911,2282865,1134476,226895,22689,2268
11,45,0.160509,0.151146,-3,-3,0.192073,-3,-3,-3,32376,34350,0,0,52892,0,0,0,0.22261,0.152404,0.160813,0.32065,1839428,1839428,2113853,2944391,0.0823386,0.0352361,0.0264902,0.0239963,98917,48568,36329,38285,30462,30462,30925,31814,31244,6248,624,62
12,46,2.75233,0.447343,-3,-3,1.14696,-3,-3,-3,817719,169342,0,0,384933,0,0,0,0.734058,0.732598,0.780263,1.27362,9896102,9896102,9896102,10125455,2.43567,1.0626,0.760552,0.757431,595362,340069,342979,433111,232882,235276,259777,320893,160443,32088,3208,320
13,59,106.871,51.9517,-3,-3,103.008,-3,-3,-3,26088343,11229138,0,0,21085937,0,0,0,58.5302,54.5019,56.6734,61.1052,897300400,897300400,911657479,1043287367,84.8759,61.8168,46.0596,45.657,9212317,8136810,7138259,10016880,4505490,4505490,4857321,5806773,10160069,2032013,203201,20320
14,62,104.186,407.279,-3,-3,284.557,-3,-3,-3,25792895,81982359,0,0,52171107,0,0,0,349.658,316.375,574.244,881.148,4030031572,4030031572,6036133391,7529414515,224.065,185.79,78.9979,60.2591,19641300,16406615,10635495,11646714,8807906,8807906,9277600,10741434,22471417,4494283,449428,44942
15,42,3.54589,1.81026,-3,-3,1.96953,-3,-3,-3,919939,650552,0,0,645358,0,0,0,1.32738,1.1598,1.86794,2.66916,21785904,21785904,41044728,34468781,1.61034,1.61126,1.7168,1.99747,293111,293111,240021,595106,134306,134306,162651,378928,607166,121433,12143,1214
16,66,381.304,179.551,-3,-3,287.445,-3,-3,-3,86097854,36903242,0,0,60912685,0,0,0,321.161,295.97,314.528,470.697,3941658447,3941658447,3941658447,7324288467,116.735,94.2585,124.942,146.478,49605928,33381957,31088665,36334211,23584129,23628284,24476053,26491534,32176547,6435309,643530,64353
17,55,3.66831,1.36242,-3,-3,3.70656,-3,-3,-3,1262646,512118,0,0,1178403,0,0,0,1.98488,2.07096,1.77463,8.57935,32626626,32626626,34270039,48334421,1.73665,0.705397,0.847111,0.847644,1829626,878762,810657,863791,633429,634612,645281,679652,483147,96629,9662,966
18,46,0.626365,0.11143,-3,-3,1.3518,-3,-3,-3,154119,31897,0,0,335039,0,0,0,0.0458493,0.0456326,0.0457465,0.0455595,791538,791538,791538,791538,0.197429,0.217558,0.206234,0.225212,166779,163941,181553,241199,90653,92946,101163,121520,31433,6286,628,62
19,52,8.33194,14.0879,-3,-3,11.9059,-3,-3,-3,2053071,3577230,0,0,2640926,0,0,0,8.25481,6.72842,8.26304,12.3838,113743263,113743263,155512331,191678507,3.18941,3.22428,3.02396,3.14021,964583,964583,843385,1166559,463446,463446,504879,650707,1901839,380367,38036,3803
20,54,19.1876,18.7212,-3,-3,26.0941,-3,-3,-3,5601901,5174073,0,0,6437736,0,0,0,29.5926,28.965,34.0508,37.7512,511989699,511989699,515509424,596672131,23.9547,24.2056,26.0554,25.6771,2231065,2231065,3171572,5876503,994269,994269,1112142,1534642,4612298,922459,92245,9224
21,59,43.7775,47.5524,-3,-3,50.8558,-3,-3,-3,13344795,13480874,0,0,12665107,0,0,0,54.8056,52.1391,54.0713,54.8331,846796462,846796462,846796462,846796462,31.421,30.8036,15.1312,14.9495,5217137,5217137,3395487,4334272,2436989,2436989,2601687,3189804,11527434,2305486,230548,23054
22,49,5.02044,2.82793,-3,-3,4.53319,-3,-3,-3,1401954,881973,0,0,1389634,0,0,0,3.63526,4.15608,6.42519,8.35965,55864654,55864654,70751165,79841272,2.93819,2.96888,2.52489,2.19559,549698,549698,534085,723338,300626,300626,345902,458412,821440,164288,16428,1642
23,54,17.1202,25.8492,-3,-3,28.0785,-3,-3,-3,4690597,6796314,0,0,6418275,0,0,0,27.4596,21.7623,30.2924,49.5468,359533190,359533190,437752182,540139919,26.0869,29.6247,12.3871,10.037,2399457,2399457,1311213,1832011,896820,896820,1004628,1619557,4226302,845260,84526,8452
24,52,19.8291,11.7748,-3,-3,19.9634,-3,-3,-3,6227145,3417467,0,0,5451657,0,0,0,15.2574,15.1782,11.6951,13.1846,270598141,270598141,272787086,316564168,10.3275,9.62589,14.6787,14.5753,1845559,1648870,1791616,2862340,845997,845997,1030101,1674018,3119747,623949,62394,6239
25,58,106.58,67.3561,-3,-3,92.0848,-3,-3,-3,20161170,11856941,0,0,16697065,0,0,0,122.677,111.798,123.111,227.723,1000650405,1000650405,1364634927,1923665654,80.732,78.6335,109.186,118.177,7766649,7264490,7523316,11090355,4187364,4187364,4636329,5937012,10710144,2142028,214202,21420
26,53,42.7851,27.1069,-3,-3,43.5715,-3,-3,-3,11281106,6478155,0,0,9832370,0,0,0,57.5658,54.4923,43.4047,44.9576,736219592,736219592,737453859,738009926,47.7897,48.3239,28.1366,28.3727,2863542,2863542,1929638,3797085,1412899,1412899,1685870,3522971,5876652,1175330,117533,11753
27,52,3.44233,1.401,-3,-3,3.27142,-3,-3,-3,909444,501653,0,0,999245,0,0,0,2.04264,2.15056,1.86591,2.50532,35507966,35507966,35891997,40624727,0.983259,0.504545,0.429219,0.425455,987038,638950,614491,637502,447586,449878,459972,485442,464714,92942,9294,929
28,54,14.6708,8.86226,-3,-3,14.1406,-3,-3,-3,3934892,2307359,0,0,3477011,0,0,0,11.1388,11.6104,17.2817,13.8124,191431838,191431838,345208242,206061471,17.2492,12.3035,18.3052,21.1411,2372640,1949636,2878724,5758760,1133967,1133967,1348859,1923168,2095785,419157,41915,4191
29,47,1.02544,0.442102,-3,-3,0.761861,-3,-3,-3,219399,104816,0,0,233125,0,0,0,0.333234,0.324059,0.345985,0.387234,5707116,5707116,5707116,5717777,0.577891,0.276992,0.28277,0.297472,321295,172901,197739,258606,122637,123193,131201,149303,101368,20273,2027,202
30,50,0.826612,0.167752,-3,-3,0.810864,-3,-3,-3,192385,47284,0,0,205335,0,0,0,0.236088,0.232927,0.236311,0.235084,2276804,2276804,2276804,2276804,0.923219,1.12263,1.1902,1.27521,453221,449492,507308,663092,191480,193865,203656,230719,44362,8872,887,88
31,59,91.6491,173.401,-3,-3,158.834,-3,-3,-3,17025065,28470530,0,0,24180119,0,0,0,186.76,148.146,193.308,320.346,1474744512,1474744512,2154884040,2919709636,99.8086,97.6916,167.78,212.284,11415699,10373061,9748042,16173900,5868242,5868242,6450417,8473846,15153555,3030711,303071,30307
32,60,69.1002,67.8085,-3,-3,92.7043,-3,-3,-3,18535768,16332757,0,0,20836160,0,0,0,123.613,118.026,95.0758,128.349,1580979011,1580979011,1709312539,1807288027,52.6578,49.5494,39.0995,38.4943,11818596,10388929,7457114,8674491,5747180,5747180,6035455,6926945,14493057,2898611,289861,28986
33,52,6.54279,9.5979,-3,-3,10.8679,-3,-3,-3,2063072,3047931,0,0,2898197,0,0,0,9.93851,8.38532,10.4061,18.2011,139206337,139206337,194219621,246955231,3.88269,3.84748,9.02504,8.92564,1228631,1198692,1513739,2207026,603158,603158,648281,786793,1897041,379408,37940,3794
34,55,16.5839,23.6634,-3,-3,27.8865,-3,-3,-3,4626675,6448018,0,0,6256541,0,0,0,19.8929,15.8493,45.9994,47.4715,304887273,304887273,653135387,680900049,6.34138,6.32896,4.49574,5.30839,1849406,1849406,1293233,1713828,909661,909661,955526,1143709,4144565,828913,82891,8289
35,52,7.21281,5.54177,-3,-3,8.49202,-3,-3,-3,2309713,1747601,0,0,2464817,0,0,0,8.85209,8.83856,9.5047,8.523,146005671,146005671,146005671,146205768,9.76213,8.9164,4.61023,3.01356,1470991,1321314,966679,1104345,718017,718017,794168,1068833,1593896,318779,31877,3187
36,58,72.0759,22.8967,-3,-3,55.6695,-3,-3,-3,20890078,5319727,0,0,14349755,0,0,0,38.6811,34.8668,34.9834,37.4072,574325585,574325585,574325585,574325585,32.42,26.049,25.2145,24.2474,7698727,5432644,5148080,6311863,4129327,4158122,4526222,5519040,4809886,961977,96197,9619
37,53,3.25684,0.360619,-3,-3,2.34286,-3,-3,-3,824930,150011,0,0,763603,0,0,0,0.708979,0.710164,0.747063,0.608275,12097922,12097922,12097922,12111699,0.843946,0.950679,1.05889,1.12937,909711,813755,903014,1094287,610602,616549,642739,709465,142328,28465,2846,284
38,49,4.27339,4.50176,-3,-3,5.45728,-3,-3,-3,1117803,1330419,0,0,1460636,0,0,0,6.58055,6.57195,7.12805,6.88787,113681001,113681001,113681001,113955171,5.04546,5.05172,2.60929,1.73413,766714,766714,526883,633555,366685,366685,416452,586237,1015974,203194,20319,2031
39,54,24.4797,17.4892,-3,-3,26.5971,-3,-3,-3,6540772,4429387,0,0,6232634,0,0,0,25.5984,25.5087,27.1147,18.1626,448548276,448548276,448548276,448651439,4.44329,4.45405,7.55501,7.904,2067750,2067750,2088278,2795174,1237649,1237649,1349690,1706619,4048224,809644,80964,8096
40,54,22.428,11.2136,-3,-3,21.4088,-3,-3,-3,5727416,2694606,0,0,4820021,0,0,0,16.5629,16.5531,17.5696,17.5338,284246658,284246658,284246658,284246658,8.84937,8.12059,7.64199,9.5748,2025899,1895210,1712579,3057567,1101057,1101057,1284481,1698506,2496285,499257,49925,4992
41,42,0.122269,0.127489,-3,-3,0.183513,-3,-3,-3,48458,50666,0,0,73102,0,0,0,0.17568,0.158359,0.340565,1.08292,2499387,2499387,4242513,10378391,0.0884127,0.0589641,0.0462326,0.0532624,80149,51532,39938,46629,33282,33282,35442,41053,45539,9107,910,91
42,64,25.5136,29.5857,-3,-3,40.5114,-3,-3,-3,7332465,7873286,0,0,9813084,0,0,0,46.9285,41.1527,43.0886,52.6247,566688960,566688960,700734905,775355984,11.4068,7.28775,6.65964,6.67784,13018463,8129097,6481233,6611263,3890411,3890411,3940084,4063812,6425590,1285118,128511,12851
43,50,10.1824,9.79157,-3,-3,12.5047,-3,-3,-3,2727229,2563423,0,0,3050061,0,0,0,14.1772,13.6321,16.2968,16.8683,242405450,242405450,243268653,243642710,27.3321,27.2717,19.9182,19.2428,1476619,1476619,2190771,4923996,569866,569866,731591,1502363,2334682,466936,46693,4669
44,51,2.23864,0.657262,-3,-3,1.83914,-3,-3,-3,539296,246065,0,0,570135,0,0,0,1.10074,1.15868,1.74403,1.73234,18963624,18963624,34389246,22036992,0.595208,0.345604,0.432265,0.453257,931433,480488,506407,555035,355523,357224,367608,394931,234849,46969,4696,469
45,49,5.37538,0.901152,-3,-3,3.31718,-3,-3,-3,1416262,324070,0,0,950679,0,0,0,1.0301,1.08942,1.08668,0.825299,17603942,17603942,17603942,17625569,1.60384,1.55048,0.973552,1.07592,533346,406424,368829,543791,271873,277201,325789,450220,308947,61789,6178,617
46,47,0.714742,0.206006,-3,-3,0.701161,-3,-3,-3,179296,64730,0,0,207140,0,0,0,0.318858,0.238831,0.240132,0.239442,4208432,4208432,4208432,4208432,0.426486,0.38049,0.385002,0.426551,323540,312003,345271,455166,125604,127832,135617,154357,60503,12100,1210,121
47,49,0.468262,0.700807,-3,-3,0.494847,-3,-3,-3,119463,182317,0,0,161363,0,0,0,0.484342,0.379143,0.694357,1.75813,6463566,6463566,8523656,13651243,0.563572,0.586821,0.446038,0.455684,213912,206456,188890,280126,64768,64768,69622,86151,114401,22880,2288,228
48,59,314.69,435.369,-3,-3,454.035,-3,-3,-3,73083858,78504984,0,0,77574968,0,0,0,719.805,552.432,753.847,1426.66,7292511855,7292511855,11401632879,19401916950,591.058,589.556,616.618,704.603,15564474,15564474,16542072,30083039,10433467,10433467,12589771,22317395,62445789,12489157,1248915,124891
49,53,14.67,4.01116,-3,-3,8.78677,-3,-3,-3,4389916,928856,0,0,2459500,0,0,0,3.35218,3.35343,3.26839,3.42375,54027012,54027012,54027012,54056565,5.01345,5.15567,4.37711,4.53069,1997256,1973272,1872463,2349297,810050,814496,847807,937295,876187,175237,17523,1752
50,56,8.99044,7.03859,-3,-3,9.72455,-3,-3,-3,3031917,2178811,0,0,2987373,0,0,0,11.2421,11.0441,7.91623,9.23768,184586561,184586561,186930594,211709404,8.57814,6.95681,8.53337,8.87955,5687128,2990264,2742619,3318011,2058134,2081104,2243337,2695698,2025810,405162,40516,4051
51,56,38.9844,23.0827,-3,-3,38.2636,-3,-3,-3,11642128,6258623,0,0,9807207,0,0,0,45.5522,44.2307,46.7053,31.4641,715159552,715159552,715159552,715262703,17.4604,17.4197,14.0954,12.8629,3768140,3701044,2640593,3244996,2182784,2182784,2457819,3226927,5572719,1114543,111454,11145
52,64,156.004,60.7493,-3,-3,121.155,-3,-3,-3,38619076,12406524,0,0,26357723,0,0,0,111.201,101.597,101.971,101.572,1346517794,1346517794,1346517794,1346517794,124.936,64.6902,64.7758,66.4576,40904901,28306561,28332667,31126376,16349537,16437195,17080461,18655482,11183425,2236685,223668,22366
53,56,28.4302,29.3264,-3,-3,38.3573,-3,-3,-3,7228216,7116907,0,0,8417082,0,0,0,41.3461,43.7472,41.7889,41.537,723682761,723682761,723682761,723682761,36.847,33.7238,19.0683,18.5859,5536273,4990025,4257172,5458237,2625790,2625790,2779627,3192478,6481325,1296265,129626,12962
54,41,0.37186,0.0346239,-3,-3,0.211667,-3,-3,-3,152503,20417,0,0,93004,0,0,0,0.035082,0.0346724,0.0349141,0.0374629,589751,589751,589751,589751,0.0864238,0.083623,0.0763068,0.0852437,57626,55326,57480,82606,25475,25881,28007,34652,20439,4087,408,40
55,55,174.453,105.406,-3,-3,153.852,-3,-3,-3,46798818,24109222,0,0,34187356,0,0,0,195.017,185.668,146.94,369.352,2716524132,2716524132,2905796256,3331706544,82.7268,81.3234,142.047,148.517,4042993,4042993,7340406,12999839,2918718,2918718,3547996,6271003,21287369,4257473,425747,42574
56,50,2.07004,2.67581,-3,-3,2.96511,-3,-3,-3,484136,739509,0,0,815787,0,0,0,1.71494,1.61356,4.04551,6.79212,30823062,30823062,77487531,104206431,4.59229,2.86123,2.73337,2.51307,694154,527872,621467,951929,269155,269155,309112,428671,444091,88818,8881,888
57,51,2.13504,0.688716,-3,-3,1.48827,-3,-3,-3,511613,238099,0,0,477806,0,0,0,0.733269,0.734238,0.734673,0.737587,11253828,11253828,11253828,11253828,0.527677,1.12728,1.14672,1.24508,512954,499790,514250,686207,219436,220891,236658,278925,220995,44199,4419,441
58,57,223.114,124.488,-3,-3,186.749,-3,-3,-3,49796723,21734964,0,0,35464318,0,0,0,218.441,210.586,214.235,171.049,3112318303,3112318303,3112318303,3114194821,186.168,186.076,136.26,135.584,6677143,6677143,4957393,10486441,3478899,3478899,4141424,8722922,19255480,3851096,385109,38510
60,45,2.32077,1.22176,-3,-3,1.99421,-3,-3,-3,508041,280627,0,0,440448,0,0,0,1.618,1.58396,1.48226,2.62714,16020870,16020870,16346631,19438655,2.17387,2.09335,1.7065,1.66882,230742,222723,257864,449851,120061,120061,142071,206731,271301,54260,5426,542
61,57,6.24039,14.6926,-3,-3,14.3509,-3,-3,-3,1831500,4777327,0,0,3948257,0,0,0,12.1924,11.8768,16.2948,32.6735,201998107,201998107,268705401,389269247,6.54438,4.14016,1.95878,1.93701,2441440,1667842,1093333,1285260,829645,829645,867941,966706,1679327,335865,33586,3358
62,56,121.706,42.3607,-3,-3,77.2354,-3,-3,-3,21869058,6328921,0,0,13228320,0,0,0,78.6071,74.2042,74.5447,74.8285,738735386,738735386,738735386,738735386,91.2512,75.5622,55.4471,49.4209,7311458,5784135,4888021,6215414,3910138,3910138,4529191,6161965,5753226,1150645,115064,11506
63,51,18.9762,16.192,-3,-3,19.1144,-3,-3,-3,5630312,4469879,0,0,5164425,0,0,0,22.2633,19.8914,30.2717,27.9862,306109813,306109813,559637445,356272476,10.7619,10.968,13.0555,12.5213,869443,869443,1081347,1952822,378824,378824,378824,636337,4017172,803434,80343,8034
64,47,4.21663,1.86422,-3,-3,3.4538,-3,-3,-3,920340,442925,0,0,795641,0,0,0,2.21259,2.21427,2.21407,1.58049,22038902,22038902,22038902,22047155,1.68672,1.69855,1.4257,1.47563,250199,250199,236286,343515,168602,168602,204607,309996,409820,81964,8196,819
65,61,422.136,158.241,-3,-3,285.717,-3,-3,-3,71594600,22052058,0,0,46723169,0,0,0,328.116,304.128,304.349,304.978,2962784854,2962784854,2962784854,2962784854,121.664,121.223,119.463,107.211,12966179,12797384,10101339,12340640,8121636,8121636,9341557,12030368,19603611,3920722,392072,39207
66,50,31.9219,22.9014,-3,-3,33.0165,-3,-3,-3,8430957,5531547,0,0,7644317,0,0,0,44.9387,44.627,49.1052,39.1918,602099023,602099023,602099023,602990293,39.8389,38.1499,42.9961,44.8223,2521958,2344858,2344858,6137856,1070209,1070209,1296103,3195517,5056412,1011282,101128,10112
67,51,20.6695,9.44383,-3,-3,20.1116,-3,-3,-3,5471048,2110759,0,0,4860851,0,0,0,15.2099,15.6225,16.7335,12.7453,212420286,212420286,212420286,212838272,8.44363,8.73467,9.1176,8.80597,770405,770405,982447,1616891,526223,526223,645074,1009591,1949432,389886,38988,3898
68,53,21.4629,24.7691,-3,-3,26.3184,-3,-3,-3,4577747,4755076,0,0,5028344,0,0,0,33.7396,26.3726,41.6046,85.459,263895152,263895152,436313124,773140292,90.9549,90.8126,73.6735,69.4745,2745557,2745557,3601594,6022007,1124927,1124927,1278817,2046577,4105818,821163,82116,8211
69,52,41.3156,28.0653,-3,-3,37.3729,-3,-3,-3,8179224,5206958,0,0,6960893,0,0,0,59.2999,58.8662,50.0566,55.2369,586873666,586873666,587470361,587745434,39.7583,39.6162,24.122,28.7671,1644641,1644641,1194210,2786684,843453,843453,966276,2044009,4704928,940985,94098,9409
70,44,1.97037,0.54212,-3,-3,1.5365,-3,-3,-3,557142,177335,0,0,430736,0,0,0,0.671522,0.671024,0.737385,0.526914,9179699,9179699,9179699,9201506,0.917144,0.841388,1.64273,2.1123,202533,169216,255817,586493,116656,116656,138967,201101,170162,34032,3403,340
71,56,141.421,42.1132,-3,-3,86.4736,-3,-3,-3,34437014,6912324,0,0,18693537,0,0,0,71.6995,64.0087,65.6184,65.8393,885257119,885257119,885257119,885257119,36.6414,33.5471,40.1813,45.7492,5505788,5065226,5157884,8320679,3618828,3618828,4231689,5718658,6219079,1243815,124381,12438
72,49,0.486063,0.323143,-3,-3,0.478147,-3,-3,-3,185052,133390,0,0,186149,0,0,0,0.531245,0.497546,0.87619,1.16144,8143159,8143159,11907744,15205299,0.275027,0.134752,0.0706295,0.0672697,272775,150210,96433,98813,87616,87616,89513,95559,126353,25270,2527,252
73,56,4.31847,0.156934,-3,-3,2.56832,-3,-3,-3,1348055,71121,0,0,810284,0,0,0,0.369922,0.37395,0.378875,0.376865,4836242,4836242,4836242,4836242,1.16108,1.13987,1.13958,1.2299,1198223,1179920,1227448,1403557,261188,262445,267442,280918,66812,13362,1336,133
74,48,12.7208,9.51926,-3,-3,10.6371,-3,-3,-3,3440530,2486671,0,0,2775545,0,0,0,14.5124,14.6057,13.0471,13.5572,196733384,196733384,197177503,197378422,17.298,17.4369,7.71294,7.4283,1108259,1108259,643458,1235647,474578,474578,540021,1152230,2313696,462739,46273,4627
75,57,27.7419,20.3342,-3,-3,33.0139,-3,-3,-3,7596156,5231024,0,0,7870712,0,0,0,36.4345,35.9914,27.3643,47.912,476238860,476238860,481482141,488682915,19.2868,48.2462,63.281,67.9108,4502814,5101880,7080551,11504812,2219345,2219345,2458397,3070225,4748190,949638,94963,9496
76,54,7.23375,26.5284,-3,-3,18.3416,-3,-3,-3,2184326,7124043,0,0,4282766,0,0,0,16.2326,16.9597,20.2413,38.4999,228832576,228832576,298004904,401744996,9.58738,9.57535,4.26244,4.93327,1071078,1071078,730292,1159201,535289,535289,647120,988399,1955042,391008,39100,3910
77,53,2.65123,1.19373,-3,-3,2.58111,-3,-3,-3,619121,301936,0,0,603070,0,0,0,1.90908,1.91398,1.49513,4.03731,18585476,18585476,18872465,21772533,2.61518,2.75021,3.23754,3.44494,1047937,625962,774711,1076534,340131,342463,366593,428730,287750,57550,5755,575
78,42,0.296012,0.500617,-3,-3,0.35503,-3,-3,-3,67387,123516,0,0,96900,0,0,0,0.274897,0.25353,0.643984,0.993704,2897867,2897867,8426752,7843121,0.209366,0.193087,0.23019,0.230161,62770,56143,57757,82040,28594,28594,30561,37735,65842,13168,1316,131
79,57,19.8307,18.462,-3,-3,19.4818,-3,-3,-3,4130961,3476514,0,0,3902265,0,0,0,25.2744,21.536,49.7564,159.281,204727874,204727874,482714812,1397844883,7.91511,17.74,17.1747,17.8743,3592380,3737783,3449099,4232856,1311998,1311998,1347955,1457800,3120076,624015,62401,6240
80,53,3.27633,0.515454,-3,-3,3.28076,-3,-3,-3,746317,141103,0,0,725750,0,0,0,0.755491,0.742794,0.748524,0.747755,7195275,7195275,7195275,7195275,1.60773,1.21447,1.09405,1.14688,665422,548824,546523,640355,429838,435132,448770,485514,128642,25728,2572,257
82,49,6.69703,8.20338,-3,-3,17.6189,-3,-3,-3,1899650,2396335,0,0,4429869,0,0,0,5.08691,4.07288,4.11775,4.3425,54997390,54997390,54997390,54997390,9.23822,9.27992,4.47295,4.13795,893257,893257,555575,844937,318279,318279,354151,523601,1743837,348767,34876,3487
83,55,39.7138,13.3667,-3,-3,32.5694,-3,-3,-3,10967723,3079039,0,0,8285043,0,0,0,21.2328,20.5745,20.6571,14.6183,260689795,260689795,260689795,260738306,12.9109,33.8169,32.4692,34.7643,2582088,3116570,3993677,8016061,1562846,1562846,1761064,2255681,2814448,562889,56288,5628
84,44,0.537094,0.741188,-3,-3,0.507646,-3,-3,-3,164745,235663,0,0,175862,0,0,0,0.467734,0.415838,0.880807,1.33536,5873927,5873927,14813263,15561897,0.903977,0.812795,0.739739,0.74156,171254,149384,171755,258085,64487,64487,69613,88375,155937,31187,3118,311
85,45,0.625863,0.696116,-3,-3,0.676608,-3,-3,-3,195559,223537,0,0,224068,0,0,0,0.535832,0.488441,0.903881,1.25703,9352593,9352593,16806553,19133934,0.458699,0.369226,0.32743,0.396457,241616,173949,123817,178719,97936,97936,107887,136215,184898,36979,3697,369
86,52,17.8282,15.0551,-3,-3,20.1254,-3,-3,-3,4681600,3537720,0,0,4911982,0,0,0,23.1259,21.0046,19.3099,44.9436,291090855,291090855,322453553,389153918,8.46576,8.42446,7.20755,10.0857,1590272,1590272,1190791,1867595,1000612,1000612,1111237,1461258,3233407,646681,64668,6466
88,54,13.4052,14.4054,-3,-3,17.3927,-3,-3,-3,3562748,3640199,0,0,4178524,0,0,0,23.7577,21.7018,19.9626,29.2006,290292331,290292331,317388747,337850505,15.5235,14.8698,26.0975,27.1742,2961240,2576910,3403007,6043699,1488934,1488934,1706326,2400370,3209798,641959,64195,6419
89,50,3.76278,2.55104,-3,-3,4.03001,-3,-3,-3,822543,587400,0,0,898828,0,0,0,3.30751,3.20779,2.76137,3.21504,31816606,31816606,32563837,37478838,4.65617,2.3198,2.46326,2.48152,1060134,695499,698946,836565,470862,474276,514006,607618,553397,110679,11067,1106
90,57,93.4663,16.6928,-3,-3,52.3423,-3,-3,-3,18148060,2027850,0,0,10306036,0,0,0,21.5166,18.1434,18.1131,19.2117,177565245,177565245,177565245,177565245,33.822,30.4014,30.6006,30.8283,5831291,5051674,5496415,6883042,3054701,3104631,3304189,3799483,1903290,380658,38065,3806
91,57,199.204,88.1476,-3,-3,125.983,-3,-3,-3,45112048,16315379,0,0,26211446,0,0,0,173.877,163.794,163.415,121.213,2189111131,2189111131,2189111131,2189111131,97.362,95.789,78.173,70.363,4183213,4183213,3954000,6252441,2928948,2928948,3355092,5836494,14745668,2949133,294913,29491
92,46,1.60999,0.328617,-3,-3,0.80027,-3,-3,-3,486072,117906,0,0,255523,0,0,0,0.497075,0.492235,0.53027,0.768442,6621875,6621875,6621875,6686568,0.478912,0.645401,0.656598,0.712035,312707,333149,373425,484316,122419,123179,128242,141761,113359,22671,2267,226
93,53,0.786128,0.261361,-3,-3,0.693867,-3,-3,-3,273189,104000,0,0,234029,0,0,0,0.325284,0.324498,0.503673,0.894248,3997329,3997329,7527807,10154005,0.253032,0.29192,0.271056,0.297248,201973,207526,200692,244376,35419,35419,36210,38856,97803,19560,1956,195
94,50,2.49105,2.15461,-3,-3,3.21239,-3,-3,-3,756615,660801,0,0,908255,0,0,0,3.35147,3.38449,5.95897,7.25709,39163641,39163641,67800476,78127574,3.26281,4.34845,4.43786,4.86331,567746,631721,805013,1302513,255001,255001,279615,349585,629018,125803,12580,1258
95,49,4.20687,2.62134,-3,-3,3.8024,-3,-3,-3,1262205,798519,0,0,1119720,0,0,0,4.09924,4.06639,4.34971,3.18812,55038937,55038937,55038937,55075204,1.70122,1.67751,0.945275,1.14655,493435,478393,303955,415049,250958,250958,275492,355675,750558,150111,15011,1501
96,44,0.944569,0.531677,-3,-3,0.671446,-3,-3,-3,190101,163967,0,0,201805,0,0,0,0.537755,0.446257,0.559188,0.684688,6194245,6194245,8809173,9974990,0.344916,0.467095,0.517087,0.515861,169160,178437,209393,276258,68975,68975,73450,85027,158664,31732,3173,317
97,54,36.2156,44.7042,-3,-3,48.0397,-3,-3,-3,9508383,11078793,0,0,10440668,0,0,0,55.8135,46.8599,55.6185,112.062,568920807,568920807,795813263,1178295612,24.6616,24.619,21.5264,20.0768,2490995,2490995,1970279,3535040,1146776,1146776,1271576,2434641,8585236,1717047,171704,17170
98,57,19.0637,35.5171,-3,-3,41.0896,-3,-3,-3,5332505,9113983,0,0,8850407,0,0,0,42.027,35.2447,92.9059,75.2495,502362682,502362682,1007179406,880073555,49.3627,50.3628,35.7675,34.1368,3209413,3209413,3501823,5375018,1335490,1335490,1438266,1838619,4729173,945834,94583,9458
99,54,16.9875,19.1708,-3,-3,20.8716,-3,-3,-3,4599091,4882368,0,0,5167517,0,0,0,23.3093,18.1232,28.8516,57.8422,270425936,270425936,414511592,656843866,36.5431,36.4781,13.1639,11.544,2603683,2603683,1676960,2079843,1140320,1140320,1246584,1615716,4214836,842967,84296,8429
